HBA,HBA Mole Fraction,HBA_MW,HBD,HBD_MW,"Pressure, kPa","Specific density, kg/m<SUP>3</SUP>","Temperature, K"
tetrapropylammonium bromide,0.333,266.27,"1,6-hexanediol",118.18,101.3,1042.2,313.15
methyltriphenylphosphonium bromide,0.16,357.23,triethylene glycol,150.17,101,1186,298.15
methyltriphenylphosphonium bromide,0.2,357.23,triethylene glycol,150.17,101,1199,298.15
methyltriphenylphosphonium bromide,0.25,357.23,triethylene glycol,150.17,101,1216,298.15
tetraethylammonium chloride,0.25,165.71,4-oxopentanoic acid,116.12,101.3,1090.3,303.15
tetraethylammonium chloride,0.25,165.71,4-oxopentanoic acid,116.12,101.3,1083.3,313.15
tetraethylammonium chloride,0.25,165.71,4-oxopentanoic acid,116.12,101.3,1076.1,323.15
tetraethylammonium chloride,0.25,165.71,4-oxopentanoic acid,116.12,101.3,1069.2,333.15
tetrabutylammonium chloride,0.25,277.92,4-oxopentanoic acid,116.12,101.3,1027.3,303.15
tetrabutylammonium chloride,0.25,277.92,4-oxopentanoic acid,116.12,101.3,1020.3,313.15
tetrabutylammonium chloride,0.25,277.92,4-oxopentanoic acid,116.12,101.3,1013.1,323.15
tetrabutylammonium chloride,0.25,277.92,4-oxopentanoic acid,116.12,101.3,1006,333.15
methyltriphenylphosphonium bromide,0.25,357.23,"1,2-ethanediol",62.07,101,1249.1,298.15
methyltriphenylphosphonium bromide,0.25,357.23,"1,2-ethanediol",62.07,101,1245.7,303.15
methyltriphenylphosphonium bromide,0.25,357.23,"1,2-ethanediol",62.07,101,1242.2,308.15
methyltriphenylphosphonium bromide,0.25,357.23,"1,2-ethanediol",62.07,101,1238.8,313.15
methyltriphenylphosphonium bromide,0.25,357.23,"1,2-ethanediol",62.07,101,1235.4,318.15
methyltriphenylphosphonium bromide,0.25,357.23,"1,2-ethanediol",62.07,101,1231.9,323.15
methyltriphenylphosphonium bromide,0.25,357.23,glycerol,92.09,101,1295.8,298.15
methyltriphenylphosphonium bromide,0.25,357.23,glycerol,92.09,101,1292.4,303.15
methyltriphenylphosphonium bromide,0.25,357.23,glycerol,92.09,101,1288.9,308.15
methyltriphenylphosphonium bromide,0.25,357.23,glycerol,92.09,101,1285.3,313.15
methyltriphenylphosphonium bromide,0.25,357.23,glycerol,92.09,101,1281.7,318.15
methyltriphenylphosphonium bromide,0.25,357.23,glycerol,92.09,101,1278.1,323.15
methyltriphenylphosphonium bromide,0.111,357.23,"2,2,2-trifluoroacetamide",113.04,101,1394.7,298.15
methyltriphenylphosphonium bromide,0.111,357.23,"2,2,2-trifluoroacetamide",113.04,101,1383.7,308.15
methyltriphenylphosphonium bromide,0.111,357.23,"2,2,2-trifluoroacetamide",113.04,101,1372.7,318.15
methyltriphenylphosphonium bromide,0.111,357.23,"2,2,2-trifluoroacetamide",113.04,101,1361.6,328.15
methyltriphenylphosphonium bromide,0.111,357.23,"2,2,2-trifluoroacetamide",113.04,101,1350.4,338.15
methyltriphenylphosphonium bromide,0.111,357.23,"2,2,2-trifluoroacetamide",113.04,101,1339.3,348.15
methyltriphenylphosphonium bromide,0.111,357.23,"2,2,2-trifluoroacetamide",113.04,101,1328.2,358.15
methyltriphenylphosphonium bromide,0.2,357.23,"1,2-ethanediol",62.07,101,1232.6,298.15
methyltriphenylphosphonium bromide,0.2,357.23,"1,2-ethanediol",62.07,101,1225.6,308.15
methyltriphenylphosphonium bromide,0.2,357.23,"1,2-ethanediol",62.07,101,1218.5,318.15
methyltriphenylphosphonium bromide,0.2,357.23,"1,2-ethanediol",62.07,101,1211.4,328.15
methyltriphenylphosphonium bromide,0.2,357.23,"1,2-ethanediol",62.07,101,1204.3,338.15
methyltriphenylphosphonium bromide,0.2,357.23,"1,2-ethanediol",62.07,101,1197.2,348.15
methyltriphenylphosphonium bromide,0.2,357.23,"1,2-ethanediol",62.07,101,1190,358.15
methyltriphenylphosphonium bromide,0.3636,357.23,glycerol,92.09,101,1289.9,298.15
methyltriphenylphosphonium bromide,0.3636,357.23,glycerol,92.09,101,1283,308.15
methyltriphenylphosphonium bromide,0.3636,357.23,glycerol,92.09,101,1275.9,318.15
methyltriphenylphosphonium bromide,0.3636,357.23,glycerol,92.09,101,1268.8,328.15
methyltriphenylphosphonium bromide,0.3636,357.23,glycerol,92.09,101,1261.9,338.15
methyltriphenylphosphonium bromide,0.3636,357.23,glycerol,92.09,101,1255,348.15
methyltriphenylphosphonium bromide,0.3636,357.23,glycerol,92.09,101,1248,358.15
benzyltriphenylphosphonium chloride,0.0588,388.87,glycerol,92.09,101,1242.41,298.186
benzyltriphenylphosphonium chloride,0.0588,388.87,glycerol,92.09,101,1238.07,303.209
benzyltriphenylphosphonium chloride,0.0588,388.87,glycerol,92.09,101,1230.12,313.256
benzyltriphenylphosphonium chloride,0.0588,388.87,glycerol,92.09,101,1224.34,323.302
benzyltriphenylphosphonium chloride,0.0588,388.87,glycerol,92.09,101,1219.28,333.07
benzyltriphenylphosphonium chloride,0.0588,388.87,glycerol,92.09,101,1211.33,343.256
benzyltriphenylphosphonium chloride,0.0588,388.87,glycerol,92.09,101,1205.54,353.163
benzyltriphenylphosphonium chloride,0.0588,388.87,glycerol,92.09,101,1196.87,363.349
methyltriphenylphosphonium bromide,0.25,357.23,glycerol,92.09,101,1297.35,298.186
methyltriphenylphosphonium bromide,0.25,357.23,glycerol,92.09,101,1293.73,303.07
methyltriphenylphosphonium bromide,0.25,357.23,glycerol,92.09,101,1287.23,313.116
methyltriphenylphosphonium bromide,0.25,357.23,glycerol,92.09,101,1280,323.163
methyltriphenylphosphonium bromide,0.25,357.23,glycerol,92.09,101,1273.49,333.209
methyltriphenylphosphonium bromide,0.25,357.23,glycerol,92.09,101,1266.99,343.256
methyltriphenylphosphonium bromide,0.25,357.23,glycerol,92.09,101,1259.04,353.302
methyltriphenylphosphonium bromide,0.25,357.23,glycerol,92.09,101,1252.53,363.349
trimethylbenzylammonium chloride,0.3,185.69,4-methylbenzenesulfonic acid,172.20,101,1194,293.13
trimethylbenzylammonium chloride,0.3,185.69,4-methylbenzenesulfonic acid,172.20,101,1191,298.12
trimethylbenzylammonium chloride,0.3,185.69,4-methylbenzenesulfonic acid,172.20,101,1188,303.03
trimethylbenzylammonium chloride,0.3,185.69,4-methylbenzenesulfonic acid,172.20,101,1184,308.1
trimethylbenzylammonium chloride,0.3,185.69,4-methylbenzenesulfonic acid,172.20,101,1181,313.01
trimethylbenzylammonium chloride,0.3,185.69,4-methylbenzenesulfonic acid,172.20,101,1178,318.09
trimethylbenzylammonium chloride,0.3,185.69,4-methylbenzenesulfonic acid,172.20,101,1174,322.99
trimethylbenzylammonium chloride,0.3,185.69,4-methylbenzenesulfonic acid,172.20,101,1171,328.07
trimethylbenzylammonium chloride,0.3,185.69,4-methylbenzenesulfonic acid,172.20,101,1168,333.06
trimethylbenzylammonium chloride,0.5,185.69,ethanedioic acid,90.03,101,1199,293.13
trimethylbenzylammonium chloride,0.5,185.69,ethanedioic acid,90.03,101,1194,298.12
trimethylbenzylammonium chloride,0.5,185.69,ethanedioic acid,90.03,101,1190,303.03
trimethylbenzylammonium chloride,0.5,185.69,ethanedioic acid,90.03,101,1186,308.02
trimethylbenzylammonium chloride,0.5,185.69,ethanedioic acid,90.03,101,1183,313.18
trimethylbenzylammonium chloride,0.5,185.69,ethanedioic acid,90.03,101,1180,318.09
trimethylbenzylammonium chloride,0.5,185.69,ethanedioic acid,90.03,101,1177,322.99
trimethylbenzylammonium chloride,0.5,185.69,ethanedioic acid,90.03,101,1174,328.07
trimethylbenzylammonium chloride,0.5,185.69,ethanedioic acid,90.03,101,1171,333.15
tetraethylammonium chloride,0.2,165.71,phenol,94.11,101,1053.1,303.15
tetraethylammonium chloride,0.25,165.71,phenol,94.11,101,1050.2,303.15
tetraethylammonium chloride,0.333,165.71,phenol,94.11,101,1050.4,303.15
tetraethylammonium chloride,0.2,165.71,phenol,94.11,101,1046.7,313.15
tetraethylammonium chloride,0.25,165.71,phenol,94.11,101,1043.9,313.15
tetraethylammonium chloride,0.333,165.71,phenol,94.11,101,1039.8,313.15
tetraethylammonium chloride,0.2,165.71,phenol,94.11,101,1040.2,323.15
tetraethylammonium chloride,0.25,165.71,phenol,94.11,101,1037.7,323.15
tetraethylammonium chloride,0.333,165.71,phenol,94.11,101,1033.7,323.15
tetraethylammonium chloride,0.3333,165.71,glycerol,92.09,101,1124,293.15
tetraethylammonium chloride,0.3333,165.71,glycerol,92.09,101,1121,298.15
tetraethylammonium chloride,0.3333,165.71,glycerol,92.09,101,1118.1,303.15
tetraethylammonium chloride,0.3333,165.71,glycerol,92.09,101,1115.1,308.15
tetraethylammonium chloride,0.3333,165.71,glycerol,92.09,101,1112.3,313.15
tetraethylammonium chloride,0.3333,165.71,glycerol,92.09,101,1109.4,318.15
tetraethylammonium chloride,0.3333,165.71,glycerol,92.09,101,1106.6,323.15
tetraethylammonium chloride,0.3333,165.71,glycerol,92.09,101,1103.8,328.15
tetraethylammonium chloride,0.3333,165.71,glycerol,92.09,101,1101,333.15
tetraethylammonium chloride,0.3333,165.71,glycerol,92.09,101,1098.2,338.15
tetraethylammonium chloride,0.3333,165.71,glycerol,92.09,101,1095.4,343.15
tetraethylammonium chloride,0.3333,165.71,"1,2-ethanediol",62.07,101,1052.3,293.15
tetraethylammonium chloride,0.3333,165.71,"1,2-ethanediol",62.07,101,1049.4,298.15
tetraethylammonium chloride,0.3333,165.71,"1,2-ethanediol",62.07,101,1046.6,303.15
tetraethylammonium chloride,0.3333,165.71,"1,2-ethanediol",62.07,101,1043.7,308.15
tetraethylammonium chloride,0.3333,165.71,"1,2-ethanediol",62.07,101,1040.9,313.15
tetraethylammonium chloride,0.3333,165.71,"1,2-ethanediol",62.07,101,1038.1,318.15
tetraethylammonium chloride,0.3333,165.71,"1,2-ethanediol",62.07,101,1035.3,323.15
tetraethylammonium chloride,0.3333,165.71,"1,2-ethanediol",62.07,101,1032.5,328.15
tetraethylammonium chloride,0.3333,165.71,"1,2-ethanediol",62.07,101,1029.7,333.15
tetraethylammonium chloride,0.3333,165.71,"1,2-ethanediol",62.07,101,1026.9,338.15
tetraethylammonium chloride,0.3333,165.71,"1,2-ethanediol",62.07,101,1024.1,343.15
tetraethylammonium chloride,0.25,165.71,4-oxopentanoic acid,116.12,101,1097.4,293.15
tetraethylammonium chloride,0.25,165.71,4-oxopentanoic acid,116.12,101,1093.9,298.15
tetraethylammonium chloride,0.25,165.71,4-oxopentanoic acid,116.12,101,1090.3,303.15
tetraethylammonium chloride,0.25,165.71,4-oxopentanoic acid,116.12,101,1086.6,308.15
tetraethylammonium chloride,0.25,165.71,4-oxopentanoic acid,116.12,101,1083.3,313.15
tetraethylammonium chloride,0.25,165.71,4-oxopentanoic acid,116.12,101,1079.7,318.15
tetraethylammonium chloride,0.25,165.71,4-oxopentanoic acid,116.12,101,1076.1,323.15
tetraethylammonium chloride,0.25,165.71,4-oxopentanoic acid,116.12,101,1072.5,328.15
tetraethylammonium chloride,0.25,165.71,4-oxopentanoic acid,116.12,101,1069.2,333.15
tetraethylammonium chloride,0.25,165.71,4-oxopentanoic acid,116.12,101,1065.7,338.15
tetraethylammonium chloride,0.25,165.71,4-oxopentanoic acid,116.12,101,1062.3,343.15
tetrabutylammonium chloride,0.25,277.92,4-oxopentanoic acid,116.12,101,1034.5,293.15
tetrabutylammonium chloride,0.25,277.92,4-oxopentanoic acid,116.12,101,1031,298.15
tetrabutylammonium chloride,0.25,277.92,4-oxopentanoic acid,116.12,101,1027.3,303.15
tetrabutylammonium chloride,0.25,277.92,4-oxopentanoic acid,116.12,101,1023.8,308.15
tetrabutylammonium chloride,0.25,277.92,4-oxopentanoic acid,116.12,101,1020.3,313.15
tetrabutylammonium chloride,0.25,277.92,4-oxopentanoic acid,116.12,101,1016.7,318.15
tetrabutylammonium chloride,0.25,277.92,4-oxopentanoic acid,116.12,101,1013.1,323.15
tetrabutylammonium chloride,0.25,277.92,4-oxopentanoic acid,116.12,101,1009.5,328.15
tetrabutylammonium chloride,0.25,277.92,4-oxopentanoic acid,116.12,101,1006,333.15
tetrabutylammonium chloride,0.25,277.92,4-oxopentanoic acid,116.12,101,1002.5,338.15
tetrabutylammonium chloride,0.25,277.92,4-oxopentanoic acid,116.12,101,998.9,343.15
benzyltripropylammonium chloride,0.25,269.86,phenol,94.11,101,1060.26,293.15
benzyltripropylammonium chloride,0.25,269.86,phenol,94.11,101,1056.98,298.15
benzyltripropylammonium chloride,0.25,269.86,phenol,94.11,101,1053.73,303.15
benzyltripropylammonium chloride,0.25,269.86,phenol,94.11,101,1050.47,308.15
benzyltripropylammonium chloride,0.25,269.86,phenol,94.11,101,1047.19,313.15
benzyltripropylammonium chloride,0.25,269.86,phenol,94.11,101,1043.91,318.15
benzyltripropylammonium chloride,0.25,269.86,phenol,94.11,101,1040.64,323.15
benzyltripropylammonium chloride,0.25,269.86,phenol,94.11,101,1037.37,328.15
benzyltripropylammonium chloride,0.25,269.86,phenol,94.11,101,1034.12,333.15
benzyltripropylammonium chloride,0.25,269.86,phenol,94.11,101,1030.87,338.15
benzyltripropylammonium chloride,0.25,269.86,phenol,94.11,101,1027.64,343.15
benzyltripropylammonium chloride,0.25,269.86,"1,2-ethanediol",62.07,101,1063.63,293.15
benzyltripropylammonium chloride,0.25,269.86,"1,2-ethanediol",62.07,101,1060.58,298.15
benzyltripropylammonium chloride,0.25,269.86,"1,2-ethanediol",62.07,101,1057.52,303.15
benzyltripropylammonium chloride,0.25,269.86,"1,2-ethanediol",62.07,101,1054.44,308.15
benzyltripropylammonium chloride,0.25,269.86,"1,2-ethanediol",62.07,101,1051.35,313.15
benzyltripropylammonium chloride,0.25,269.86,"1,2-ethanediol",62.07,101,1048.27,318.15
benzyltripropylammonium chloride,0.25,269.86,"1,2-ethanediol",62.07,101,1045.19,323.15
benzyltripropylammonium chloride,0.25,269.86,"1,2-ethanediol",62.07,101,1042.11,328.15
benzyltripropylammonium chloride,0.25,269.86,"1,2-ethanediol",62.07,101,1039.03,333.15
benzyltripropylammonium chloride,0.25,269.86,"1,2-ethanediol",62.07,101,1035.95,338.15
benzyltripropylammonium chloride,0.25,269.86,"1,2-ethanediol",62.07,101,1032.88,343.15
benzyltripropylammonium chloride,0.25,269.86,2-hydroxypropanoic acid,90.08,101,1121,293.15
benzyltripropylammonium chloride,0.25,269.86,2-hydroxypropanoic acid,90.08,101,1117,298.15
benzyltripropylammonium chloride,0.25,269.86,2-hydroxypropanoic acid,90.08,101,1113,303.15
benzyltripropylammonium chloride,0.25,269.86,2-hydroxypropanoic acid,90.08,101,1110,308.15
benzyltripropylammonium chloride,0.25,269.86,2-hydroxypropanoic acid,90.08,101,1106,313.15
benzyltripropylammonium chloride,0.25,269.86,2-hydroxypropanoic acid,90.08,101,1103,318.15
benzyltripropylammonium chloride,0.25,269.86,2-hydroxypropanoic acid,90.08,101,1099,323.15
benzyltripropylammonium chloride,0.25,269.86,2-hydroxypropanoic acid,90.08,101,1096,328.15
benzyltripropylammonium chloride,0.25,269.86,2-hydroxypropanoic acid,90.08,101,1092,333.15
benzyltripropylammonium chloride,0.25,269.86,2-hydroxypropanoic acid,90.08,101,1089,338.15
benzyltripropylammonium chloride,0.25,269.86,2-hydroxypropanoic acid,90.08,101,1085,343.15
benzyltripropylammonium chloride,0.25,269.86,glycerol,92.09,101,1133.02,293.15
benzyltripropylammonium chloride,0.25,269.86,glycerol,92.09,101,1129.97,298.15
benzyltripropylammonium chloride,0.25,269.86,glycerol,92.09,101,1126.92,303.15
benzyltripropylammonium chloride,0.25,269.86,glycerol,92.09,101,1123.81,308.15
benzyltripropylammonium chloride,0.25,269.86,glycerol,92.09,101,1120.62,313.15
benzyltripropylammonium chloride,0.25,269.86,glycerol,92.09,101,1117.51,318.15
benzyltripropylammonium chloride,0.25,269.86,glycerol,92.09,101,1114.45,323.15
benzyltripropylammonium chloride,0.25,269.86,glycerol,92.09,101,1111.39,328.15
benzyltripropylammonium chloride,0.25,269.86,glycerol,92.09,101,1108.32,333.15
benzyltripropylammonium chloride,0.25,269.86,glycerol,92.09,101,1105.24,338.15
benzyltripropylammonium chloride,0.25,269.86,glycerol,92.09,101,1102.17,343.15
trimethylbenzylammonium chloride,0.25,185.69,glycerol,92.09,100,1191,283.15
trimethylbenzylammonium chloride,0.25,185.69,glycerol,92.09,100,1188,288.15
trimethylbenzylammonium chloride,0.25,185.69,glycerol,92.09,100,1185,293.15
trimethylbenzylammonium chloride,0.25,185.69,glycerol,92.09,100,1182,298.15
trimethylbenzylammonium chloride,0.25,185.69,glycerol,92.09,100,1179,303.15
trimethylbenzylammonium chloride,0.25,185.69,glycerol,92.09,100,1176,308.15
trimethylbenzylammonium chloride,0.25,185.69,glycerol,92.09,100,1173,313.15
trimethylbenzylammonium chloride,0.25,185.69,glycerol,92.09,100,1170,318.15
trimethylbenzylammonium chloride,0.25,185.69,glycerol,92.09,100,1167,323.15
trimethylbenzylammonium chloride,0.25,185.69,glycerol,92.09,100,1164,328.15
trimethylbenzylammonium chloride,0.25,185.69,glycerol,92.09,100,1161,333.15
trimethylbenzylammonium chloride,0.25,185.69,glycerol,92.09,100,1158,338.15
trimethylbenzylammonium chloride,0.25,185.69,glycerol,92.09,100,1155,343.15
trimethylbenzylammonium chloride,0.25,185.69,diethylene glycol,106.12,100,1120,283.15
trimethylbenzylammonium chloride,0.25,185.69,diethylene glycol,106.12,100,1117,288.15
trimethylbenzylammonium chloride,0.25,185.69,diethylene glycol,106.12,100,1114,293.15
trimethylbenzylammonium chloride,0.25,185.69,diethylene glycol,106.12,100,1111,298.15
trimethylbenzylammonium chloride,0.25,185.69,diethylene glycol,106.12,100,1107,303.15
trimethylbenzylammonium chloride,0.25,185.69,diethylene glycol,106.12,100,1104,308.15
trimethylbenzylammonium chloride,0.25,185.69,diethylene glycol,106.12,100,1101,313.15
trimethylbenzylammonium chloride,0.25,185.69,diethylene glycol,106.12,100,1098,318.15
trimethylbenzylammonium chloride,0.25,185.69,diethylene glycol,106.12,100,1095,323.15
trimethylbenzylammonium chloride,0.25,185.69,diethylene glycol,106.12,100,1092,328.15
trimethylbenzylammonium chloride,0.25,185.69,diethylene glycol,106.12,100,1089,333.15
trimethylbenzylammonium chloride,0.25,185.69,diethylene glycol,106.12,100,1086,338.15
trimethylbenzylammonium chloride,0.25,185.69,diethylene glycol,106.12,100,1083,343.15
trimethylbenzylammonium chloride,0.25,185.69,triethylene glycol,150.17,100,1127,283.15
trimethylbenzylammonium chloride,0.25,185.69,triethylene glycol,150.17,100,1124,288.15
trimethylbenzylammonium chloride,0.25,185.69,triethylene glycol,150.17,100,1121,293.15
trimethylbenzylammonium chloride,0.25,185.69,triethylene glycol,150.17,100,1117,298.15
trimethylbenzylammonium chloride,0.25,185.69,triethylene glycol,150.17,100,1114,303.15
trimethylbenzylammonium chloride,0.25,185.69,triethylene glycol,150.17,100,1111,308.15
trimethylbenzylammonium chloride,0.25,185.69,triethylene glycol,150.17,100,1107,313.15
trimethylbenzylammonium chloride,0.25,185.69,triethylene glycol,150.17,100,1104,318.15
trimethylbenzylammonium chloride,0.25,185.69,triethylene glycol,150.17,100,1101,323.15
trimethylbenzylammonium chloride,0.25,185.69,triethylene glycol,150.17,100,1097,328.15
trimethylbenzylammonium chloride,0.25,185.69,triethylene glycol,150.17,100,1094,333.15
trimethylbenzylammonium chloride,0.25,185.69,triethylene glycol,150.17,100,1091,338.15
trimethylbenzylammonium chloride,0.25,185.69,triethylene glycol,150.17,100,1087,343.15
benzyltributylammonium chloride,0.25,311.94,"1,2-ethanediol",62.07,100,1045,283.15
benzyltributylammonium chloride,0.25,311.94,"1,2-ethanediol",62.07,100,1042,288.15
benzyltributylammonium chloride,0.25,311.94,"1,2-ethanediol",62.07,100,1039,293.15
benzyltributylammonium chloride,0.25,311.94,"1,2-ethanediol",62.07,100,1036,298.15
benzyltributylammonium chloride,0.25,311.94,"1,2-ethanediol",62.07,100,1033,303.15
benzyltributylammonium chloride,0.25,311.94,"1,2-ethanediol",62.07,100,1030,308.15
benzyltributylammonium chloride,0.25,311.94,"1,2-ethanediol",62.07,100,1026,313.15
benzyltributylammonium chloride,0.25,311.94,"1,2-ethanediol",62.07,100,1023,318.15
benzyltributylammonium chloride,0.25,311.94,"1,2-ethanediol",62.07,100,1020,323.15
benzyltributylammonium chloride,0.25,311.94,"1,2-ethanediol",62.07,100,1017,328.15
benzyltributylammonium chloride,0.25,311.94,"1,2-ethanediol",62.07,100,1014,333.15
benzyltributylammonium chloride,0.25,311.94,"1,2-ethanediol",62.07,100,1011,338.15
benzyltributylammonium chloride,0.25,311.94,"1,2-ethanediol",62.07,100,1008,343.15
benzyltributylammonium chloride,0.25,311.94,diethylene glycol,106.12,100,1064,283.15
benzyltributylammonium chloride,0.25,311.94,diethylene glycol,106.12,100,1061,288.15
benzyltributylammonium chloride,0.25,311.94,diethylene glycol,106.12,100,1058,293.15
benzyltributylammonium chloride,0.25,311.94,diethylene glycol,106.12,100,1055,298.15
benzyltributylammonium chloride,0.25,311.94,diethylene glycol,106.12,100,1052,303.15
benzyltributylammonium chloride,0.25,311.94,diethylene glycol,106.12,100,1048,308.15
benzyltributylammonium chloride,0.25,311.94,diethylene glycol,106.12,100,1045,313.15
benzyltributylammonium chloride,0.25,311.94,diethylene glycol,106.12,100,1042,318.15
benzyltributylammonium chloride,0.25,311.94,diethylene glycol,106.12,100,1039,323.15
benzyltributylammonium chloride,0.25,311.94,diethylene glycol,106.12,100,1036,328.15
benzyltributylammonium chloride,0.25,311.94,diethylene glycol,106.12,100,1033,333.15
benzyltributylammonium chloride,0.25,311.94,diethylene glycol,106.12,100,1030,338.15
benzyltributylammonium chloride,0.25,311.94,diethylene glycol,106.12,100,1027,343.15
benzyltributylammonium chloride,0.25,311.94,glycerol,92.09,100,1112,283.15
benzyltributylammonium chloride,0.25,311.94,glycerol,92.09,100,1109,288.15
benzyltributylammonium chloride,0.25,311.94,glycerol,92.09,100,1106,293.15
benzyltributylammonium chloride,0.25,311.94,glycerol,92.09,100,1103,298.15
benzyltributylammonium chloride,0.25,311.94,glycerol,92.09,100,1100,303.15
benzyltributylammonium chloride,0.25,311.94,glycerol,92.09,100,1096,308.15
benzyltributylammonium chloride,0.25,311.94,glycerol,92.09,100,1093,313.15
benzyltributylammonium chloride,0.25,311.94,glycerol,92.09,100,1090,318.15
benzyltributylammonium chloride,0.25,311.94,glycerol,92.09,100,1087,323.15
benzyltributylammonium chloride,0.25,311.94,glycerol,92.09,100,1084,328.15
benzyltributylammonium chloride,0.25,311.94,glycerol,92.09,100,1081,333.15
benzyltributylammonium chloride,0.25,311.94,glycerol,92.09,100,1078,338.15
benzyltributylammonium chloride,0.25,311.94,glycerol,92.09,100,1074,343.15
trimethylbenzylammonium chloride,0.25,185.69,"1,2-ethanediol",62.07,100,1110,283.15
trimethylbenzylammonium chloride,0.25,185.69,"1,2-ethanediol",62.07,100,1107,288.15
trimethylbenzylammonium chloride,0.25,185.69,"1,2-ethanediol",62.07,100,1104,293.15
trimethylbenzylammonium chloride,0.25,185.69,"1,2-ethanediol",62.07,100,1101,298.15
trimethylbenzylammonium chloride,0.25,185.69,"1,2-ethanediol",62.07,100,1098,303.15
trimethylbenzylammonium chloride,0.25,185.69,"1,2-ethanediol",62.07,100,1095,308.15
trimethylbenzylammonium chloride,0.25,185.69,"1,2-ethanediol",62.07,100,1092,313.15
trimethylbenzylammonium chloride,0.25,185.69,"1,2-ethanediol",62.07,100,1089,318.15
trimethylbenzylammonium chloride,0.25,185.69,"1,2-ethanediol",62.07,100,1086,323.15
trimethylbenzylammonium chloride,0.25,185.69,"1,2-ethanediol",62.07,100,1083,328.15
trimethylbenzylammonium chloride,0.25,185.69,"1,2-ethanediol",62.07,100,1080,333.15
trimethylbenzylammonium chloride,0.25,185.69,"1,2-ethanediol",62.07,100,1077,338.15
trimethylbenzylammonium chloride,0.25,185.69,"1,2-ethanediol",62.07,100,1074,343.15
benzyltributylammonium chloride,0.25,311.94,triethylene glycol,150.17,100,1078,283.15
benzyltributylammonium chloride,0.25,311.94,triethylene glycol,150.17,100,1075,288.15
benzyltributylammonium chloride,0.25,311.94,triethylene glycol,150.17,100,1071,293.15
benzyltributylammonium chloride,0.25,311.94,triethylene glycol,150.17,100,1068,298.15
benzyltributylammonium chloride,0.25,311.94,triethylene glycol,150.17,100,1065,303.15
benzyltributylammonium chloride,0.25,311.94,triethylene glycol,150.17,100,1062,308.15
benzyltributylammonium chloride,0.25,311.94,triethylene glycol,150.17,100,1058,313.15
benzyltributylammonium chloride,0.25,311.94,triethylene glycol,150.17,100,1055,318.15
benzyltributylammonium chloride,0.25,311.94,triethylene glycol,150.17,100,1052,323.15
benzyltributylammonium chloride,0.25,311.94,triethylene glycol,150.17,100,1048,328.15
benzyltributylammonium chloride,0.25,311.94,triethylene glycol,150.17,100,1045,333.15
benzyltributylammonium chloride,0.25,311.94,triethylene glycol,150.17,100,1042,338.15
benzyltributylammonium chloride,0.25,311.94,triethylene glycol,150.17,100,1039,343.15
methyltriphenylphosphonium bromide,0.16,357.23,"1,2-ethanediol",62.07,101,1216,303.15
methyltriphenylphosphonium bromide,0.16,357.23,"1,2-ethanediol",62.07,101,1209,313.15
methyltriphenylphosphonium bromide,0.16,357.23,"1,2-ethanediol",62.07,101,1202,323.15
methyltriphenylphosphonium bromide,0.16,357.23,"1,2-ethanediol",62.07,101,1195,333.15
methyltriphenylphosphonium bromide,0.16,357.23,"1,2-ethanediol",62.07,101,1187,343.15
methyltriphenylphosphonium bromide,0.16,357.23,"1,2-ethanediol",62.07,101,1179,353.15
methyltriphenylphosphonium bromide,0.16,357.23,"1,2-ethanediol",62.07,101,1172,363.15
methyltriphenylphosphonium bromide,0.2,357.23,"1,2-ethanediol",62.07,101,1229,303.15
methyltriphenylphosphonium bromide,0.2,357.23,"1,2-ethanediol",62.07,101,1222,313.15
methyltriphenylphosphonium bromide,0.2,357.23,"1,2-ethanediol",62.07,101,1215,323.15
methyltriphenylphosphonium bromide,0.2,357.23,"1,2-ethanediol",62.07,101,1208,333.15
methyltriphenylphosphonium bromide,0.2,357.23,"1,2-ethanediol",62.07,101,1201,343.15
methyltriphenylphosphonium bromide,0.2,357.23,"1,2-ethanediol",62.07,101,1194,353.15
methyltriphenylphosphonium bromide,0.2,357.23,"1,2-ethanediol",62.07,101,1186,363.15
methyltriphenylphosphonium bromide,0.25,357.23,"1,2-ethanediol",62.07,101,1242,303.15
methyltriphenylphosphonium bromide,0.25,357.23,"1,2-ethanediol",62.07,101,1240,313.15
methyltriphenylphosphonium bromide,0.25,357.23,"1,2-ethanediol",62.07,101,1232,323.15
methyltriphenylphosphonium bromide,0.25,357.23,"1,2-ethanediol",62.07,101,1226,333.15
methyltriphenylphosphonium bromide,0.25,357.23,"1,2-ethanediol",62.07,101,1219,343.15
methyltriphenylphosphonium bromide,0.25,357.23,"1,2-ethanediol",62.07,101,1212,353.15
methyltriphenylphosphonium bromide,0.25,357.23,"1,2-ethanediol",62.07,101,1204,363.15
methyltriphenylphosphonium bromide,0.11,357.23,2-aminoethan-1-ol,61.08,101.3,1092.9,298.15
methyltriphenylphosphonium bromide,0.13,357.23,2-aminoethan-1-ol,61.08,101.3,1099.8,298.15
methyltriphenylphosphonium bromide,0.14,357.23,2-aminoethan-1-ol,61.08,101.3,1107.4,298.15
methyltriphenylphosphonium bromide,0.11,357.23,2-aminoethan-1-ol,61.08,101.3,1085,308.15
methyltriphenylphosphonium bromide,0.13,357.23,2-aminoethan-1-ol,61.08,101.3,1091.9,308.15
methyltriphenylphosphonium bromide,0.14,357.23,2-aminoethan-1-ol,61.08,101.3,1100,308.15
methyltriphenylphosphonium bromide,0.11,357.23,2-aminoethan-1-ol,61.08,101.3,1077.1,318.15
methyltriphenylphosphonium bromide,0.13,357.23,2-aminoethan-1-ol,61.08,101.3,1083.8,318.15
methyltriphenylphosphonium bromide,0.14,357.23,2-aminoethan-1-ol,61.08,101.3,1092.2,318.15
methyltriphenylphosphonium bromide,0.11,357.23,2-aminoethan-1-ol,61.08,101.3,1068.9,328.15
methyltriphenylphosphonium bromide,0.13,357.23,2-aminoethan-1-ol,61.08,101.3,1075.8,328.15
methyltriphenylphosphonium bromide,0.14,357.23,2-aminoethan-1-ol,61.08,101.3,1084.2,328.15
methyltriphenylphosphonium bromide,0.11,357.23,2-aminoethan-1-ol,61.08,101.3,1060.8,338.15
methyltriphenylphosphonium bromide,0.13,357.23,2-aminoethan-1-ol,61.08,101.3,1067.6,338.15
methyltriphenylphosphonium bromide,0.14,357.23,2-aminoethan-1-ol,61.08,101.3,1076.1,338.15
methyltriphenylphosphonium bromide,0.11,357.23,2-aminoethan-1-ol,61.08,101.3,1052.7,348.15
methyltriphenylphosphonium bromide,0.13,357.23,2-aminoethan-1-ol,61.08,101.3,1059.4,348.15
methyltriphenylphosphonium bromide,0.14,357.23,2-aminoethan-1-ol,61.08,101.3,1068,348.15
methyltriphenylphosphonium bromide,0.11,357.23,2-aminoethan-1-ol,61.08,101.3,1044.7,358.15
methyltriphenylphosphonium bromide,0.13,357.23,2-aminoethan-1-ol,61.08,101.3,1051.1,358.15
methyltriphenylphosphonium bromide,0.14,357.23,2-aminoethan-1-ol,61.08,101.3,1059.8,358.15
tetrabutylammonium chloride,0.167,277.92,glycerol,92.09,101,1040,293.15
tetrabutylammonium chloride,0.2,277.92,glycerol,92.09,101,1029,293.15
tetrabutylammonium chloride,0.25,277.92,glycerol,92.09,101,1014,293.15
tetrabutylammonium chloride,0.167,277.92,glycerol,92.09,101,1034,303.15
tetrabutylammonium chloride,0.2,277.92,glycerol,92.09,101,1023,303.15
tetrabutylammonium chloride,0.25,277.92,glycerol,92.09,101,1008,303.15
tetrabutylammonium chloride,0.167,277.92,glycerol,92.09,101,1027,313.15
tetrabutylammonium chloride,0.2,277.92,glycerol,92.09,101,1017,313.15
tetrabutylammonium chloride,0.25,277.92,glycerol,92.09,101,1001,313.15
tetrabutylammonium chloride,0.167,277.92,glycerol,92.09,101,1020,323.15
tetrabutylammonium chloride,0.2,277.92,glycerol,92.09,101,1010,323.15
tetrabutylammonium chloride,0.25,277.92,glycerol,92.09,101,995,323.15
tetrabutylammonium chloride,0.167,277.92,glycerol,92.09,101,1014,333.15
tetrabutylammonium chloride,0.2,277.92,glycerol,92.09,101,1004,333.15
tetrabutylammonium chloride,0.25,277.92,glycerol,92.09,101,988,333.15
tetrabutylammonium chloride,0.167,277.92,glycerol,92.09,101,1007,343.15
tetrabutylammonium chloride,0.2,277.92,glycerol,92.09,101,997,343.15
tetrabutylammonium chloride,0.25,277.92,glycerol,92.09,101,982,343.15
tetrabutylammonium chloride,0.167,277.92,glycerol,92.09,101,1000,353.15
tetrabutylammonium chloride,0.2,277.92,glycerol,92.09,101,991,353.15
tetrabutylammonium chloride,0.25,277.92,glycerol,92.09,101,976,353.15
tetrabutylammonium chloride,0.2,277.92,"1,2-ethanediol",62.07,101,1145,293.15
tetrabutylammonium chloride,0.25,277.92,"1,2-ethanediol",62.07,101,1130,293.15
tetrabutylammonium chloride,0.333,277.92,"1,2-ethanediol",62.07,101,1105,293.15
tetrabutylammonium chloride,0.2,277.92,"1,2-ethanediol",62.07,101,1138,303.15
tetrabutylammonium chloride,0.25,277.92,"1,2-ethanediol",62.07,101,1123,303.15
tetrabutylammonium chloride,0.333,277.92,"1,2-ethanediol",62.07,101,1099,303.15
tetrabutylammonium chloride,0.2,277.92,"1,2-ethanediol",62.07,101,1132,313.15
tetrabutylammonium chloride,0.25,277.92,"1,2-ethanediol",62.07,101,1117,313.15
tetrabutylammonium chloride,0.333,277.92,"1,2-ethanediol",62.07,101,1092,313.15
tetrabutylammonium chloride,0.2,277.92,"1,2-ethanediol",62.07,101,1125,323.15
tetrabutylammonium chloride,0.25,277.92,"1,2-ethanediol",62.07,101,1110,323.15
tetrabutylammonium chloride,0.333,277.92,"1,2-ethanediol",62.07,101,1086,323.15
tetrabutylammonium chloride,0.2,277.92,"1,2-ethanediol",62.07,101,1119,333.15
tetrabutylammonium chloride,0.25,277.92,"1,2-ethanediol",62.07,101,1104,333.15
tetrabutylammonium chloride,0.333,277.92,"1,2-ethanediol",62.07,101,1079,333.15
tetrabutylammonium chloride,0.2,277.92,"1,2-ethanediol",62.07,101,1112,343.15
tetrabutylammonium chloride,0.25,277.92,"1,2-ethanediol",62.07,101,1097,343.15
tetrabutylammonium chloride,0.333,277.92,"1,2-ethanediol",62.07,101,1073,343.15
tetrabutylammonium chloride,0.2,277.92,"1,2-ethanediol",62.07,101,1106,353.15
tetrabutylammonium chloride,0.25,277.92,"1,2-ethanediol",62.07,101,1091,353.15
tetrabutylammonium chloride,0.333,277.92,"1,2-ethanediol",62.07,101,1067,353.15
tetrapropylammonium bromide,0.2,266.27,"1,2-ethanediol",62.07,101,1137,293.4
tetrapropylammonium bromide,0.2,266.27,"1,2-ethanediol",62.07,101,1130,303.3
tetrapropylammonium bromide,0.2,266.27,"1,2-ethanediol",62.07,101,1123,313.3
tetrapropylammonium bromide,0.2,266.27,"1,2-ethanediol",62.07,101,1116,323.3
tetrapropylammonium bromide,0.2,266.27,"1,2-ethanediol",62.07,101,1110,333.1
tetrapropylammonium bromide,0.2,266.27,"1,2-ethanediol",62.07,101,1102,343.1
tetrapropylammonium bromide,0.2,266.27,"1,2-ethanediol",62.07,101,1097,353.2
tetrapropylammonium bromide,0.25,266.27,"1,2-ethanediol",62.07,101,1137,293.4
tetrapropylammonium bromide,0.25,266.27,"1,2-ethanediol",62.07,101,1130,303.5
tetrapropylammonium bromide,0.25,266.27,"1,2-ethanediol",62.07,101,1123,313.3
tetrapropylammonium bromide,0.25,266.27,"1,2-ethanediol",62.07,101,1117,323.3
tetrapropylammonium bromide,0.25,266.27,"1,2-ethanediol",62.07,101,1110,333.3
tetrapropylammonium bromide,0.25,266.27,"1,2-ethanediol",62.07,101,1103,343.3
tetrapropylammonium bromide,0.25,266.27,"1,2-ethanediol",62.07,101,1096,353.2
tetrapropylammonium bromide,0.3333,266.27,"1,2-ethanediol",62.07,101,1139,293.4
tetrapropylammonium bromide,0.3333,266.27,"1,2-ethanediol",62.07,101,1132,303.4
tetrapropylammonium bromide,0.3333,266.27,"1,2-ethanediol",62.07,101,1125,313.3
tetrapropylammonium bromide,0.3333,266.27,"1,2-ethanediol",62.07,101,1119,323.3
tetrapropylammonium bromide,0.3333,266.27,"1,2-ethanediol",62.07,101,1112,333.3
tetrapropylammonium bromide,0.3333,266.27,"1,2-ethanediol",62.07,101,1105,343.3
tetrapropylammonium bromide,0.3333,266.27,"1,2-ethanediol",62.07,101,1098,353.3
tetrapropylammonium bromide,0.25,266.27,glycerol,92.09,101,1218,293.3
tetrapropylammonium bromide,0.25,266.27,glycerol,92.09,101,1211,303.3
tetrapropylammonium bromide,0.25,266.27,glycerol,92.09,101,1205,313.1
tetrapropylammonium bromide,0.25,266.27,glycerol,92.09,101,1198,323.3
tetrapropylammonium bromide,0.25,266.27,glycerol,92.09,101,1191,333.2
tetrapropylammonium bromide,0.25,266.27,glycerol,92.09,101,1184,343.4
tetrapropylammonium bromide,0.25,266.27,glycerol,92.09,101,1178,353.2
tetrapropylammonium bromide,0.3333,266.27,glycerol,92.09,101,1208,293
tetrapropylammonium bromide,0.3333,266.27,glycerol,92.09,101,1201,303.4
tetrapropylammonium bromide,0.3333,266.27,glycerol,92.09,101,1195,313.4
tetrapropylammonium bromide,0.3333,266.27,glycerol,92.09,101,1188,323.3
tetrapropylammonium bromide,0.3333,266.27,glycerol,92.09,101,1181,333
tetrapropylammonium bromide,0.3333,266.27,glycerol,92.09,101,1175,343.2
tetrapropylammonium bromide,0.3333,266.27,glycerol,92.09,101,1168,353.3
tetrapropylammonium bromide,0.5,266.27,glycerol,92.09,101,1194,293
tetrapropylammonium bromide,0.5,266.27,glycerol,92.09,101,1187,303.4
tetrapropylammonium bromide,0.5,266.27,glycerol,92.09,101,1181,313.4
tetrapropylammonium bromide,0.5,266.27,glycerol,92.09,101,1174,323.4
tetrapropylammonium bromide,0.5,266.27,glycerol,92.09,101,1167,333.2
tetrapropylammonium bromide,0.5,266.27,glycerol,92.09,101,1161,343.4
tetrapropylammonium bromide,0.5,266.27,glycerol,92.09,101,1154,353.3
tetrapropylammonium bromide,0.25,266.27,triethylene glycol,150.17,101,1146,293
tetrapropylammonium bromide,0.25,266.27,triethylene glycol,150.17,101,1139,303.1
tetrapropylammonium bromide,0.25,266.27,triethylene glycol,150.17,101,1132,313.1
tetrapropylammonium bromide,0.25,266.27,triethylene glycol,150.17,101,1125,323.2
tetrapropylammonium bromide,0.25,266.27,triethylene glycol,150.17,101,1118,333.3
tetrapropylammonium bromide,0.25,266.27,triethylene glycol,150.17,101,1110,343.2
tetrapropylammonium bromide,0.25,266.27,triethylene glycol,150.17,101,1103,353.4
tetrapropylammonium bromide,0.3333,266.27,triethylene glycol,150.17,101,1146,293.2
tetrapropylammonium bromide,0.3333,266.27,triethylene glycol,150.17,101,1140,303.1
tetrapropylammonium bromide,0.3333,266.27,triethylene glycol,150.17,101,1133,313
tetrapropylammonium bromide,0.3333,266.27,triethylene glycol,150.17,101,1126,323.2
tetrapropylammonium bromide,0.3333,266.27,triethylene glycol,150.17,101,1119,333.3
tetrapropylammonium bromide,0.3333,266.27,triethylene glycol,150.17,101,1111,343.3
tetrapropylammonium bromide,0.3333,266.27,triethylene glycol,150.17,101,1104,353.4
tetrapropylammonium bromide,0.4,266.27,triethylene glycol,150.17,101,1147,293.2
tetrapropylammonium bromide,0.4,266.27,triethylene glycol,150.17,101,1140,303.2
tetrapropylammonium bromide,0.4,266.27,triethylene glycol,150.17,101,1133,313.3
tetrapropylammonium bromide,0.4,266.27,triethylene glycol,150.17,101,1126,323.3
tetrapropylammonium bromide,0.4,266.27,triethylene glycol,150.17,101,1119,333.3
tetrapropylammonium bromide,0.4,266.27,triethylene glycol,150.17,101,1112,343.3
tetrapropylammonium bromide,0.4,266.27,triethylene glycol,150.17,101,1105,353.4
tetrabutylammonium chloride,0.5,277.92,triethylene glycol,150.17,101,1027,293.15
tetrabutylammonium chloride,0.667,277.92,triethylene glycol,150.17,101,1007,293.15
tetrabutylammonium chloride,0.75,277.92,triethylene glycol,150.17,101,996,293.15
tetrabutylammonium chloride,0.8,277.92,triethylene glycol,150.17,101,990,293.15
tetrabutylammonium chloride,0.5,277.92,triethylene glycol,150.17,101,1021,303.15
tetrabutylammonium chloride,0.667,277.92,triethylene glycol,150.17,101,1001,303.15
tetrabutylammonium chloride,0.75,277.92,triethylene glycol,150.17,101,990,303.15
tetrabutylammonium chloride,0.8,277.92,triethylene glycol,150.17,101,985,303.15
tetrabutylammonium chloride,0.5,277.92,triethylene glycol,150.17,101,1015,313.15
tetrabutylammonium chloride,0.667,277.92,triethylene glycol,150.17,101,995,313.15
tetrabutylammonium chloride,0.75,277.92,triethylene glycol,150.17,101,984,313.15
tetrabutylammonium chloride,0.8,277.92,triethylene glycol,150.17,101,980,313.15
tetrabutylammonium chloride,0.5,277.92,triethylene glycol,150.17,101,1009,323.15
tetrabutylammonium chloride,0.667,277.92,triethylene glycol,150.17,101,989,323.15
tetrabutylammonium chloride,0.75,277.92,triethylene glycol,150.17,101,978,323.15
tetrabutylammonium chloride,0.8,277.92,triethylene glycol,150.17,101,973,323.15
tetrabutylammonium chloride,0.5,277.92,triethylene glycol,150.17,101,1003,333.15
tetrabutylammonium chloride,0.667,277.92,triethylene glycol,150.17,101,983,333.15
tetrabutylammonium chloride,0.75,277.92,triethylene glycol,150.17,101,972,333.15
tetrabutylammonium chloride,0.8,277.92,triethylene glycol,150.17,101,968,333.15
tetrabutylammonium chloride,0.5,277.92,triethylene glycol,150.17,101,997,343.15
tetrabutylammonium chloride,0.667,277.92,triethylene glycol,150.17,101,976,343.15
tetrabutylammonium chloride,0.75,277.92,triethylene glycol,150.17,101,966,343.15
tetrabutylammonium chloride,0.8,277.92,triethylene glycol,150.17,101,961,343.15
tetrabutylammonium chloride,0.5,277.92,triethylene glycol,150.17,101,991,353.15
tetrabutylammonium chloride,0.667,277.92,triethylene glycol,150.17,101,970,353.15
tetrabutylammonium chloride,0.75,277.92,triethylene glycol,150.17,101,960,353.15
tetrabutylammonium chloride,0.8,277.92,triethylene glycol,150.17,101,955,353.15
tetrapropylammonium chloride,0.013,221.81,water,18.02,101,995.5,298.15
tetrapropylammonium chloride,0.013,221.81,water,18.02,101,991.5,308.15
tetrapropylammonium chloride,0.013,221.81,water,18.02,101,986.9,318.15
tetrapropylammonium chloride,0.013,221.81,water,18.02,101,979.4,328.15
tetrapropylammonium chloride,0.0306,221.81,water,18.02,101,996.2,298.15
tetrapropylammonium chloride,0.0306,221.81,water,18.02,101,991,308.15
tetrapropylammonium chloride,0.0306,221.81,water,18.02,101,985.4,318.15
tetrapropylammonium chloride,0.0306,221.81,water,18.02,101,979.3,328.15
tetrapropylammonium chloride,0.0306,221.81,water,18.02,101,972.6,338.15
tetrapropylammonium chloride,0.0306,221.81,water,18.02,101,963.5,348.15
tetrapropylammonium chloride,0.0306,221.81,water,18.02,101,941.1,358.15
tetrapropylammonium chloride,0.0556,221.81,water,18.02,101,998.5,298.15
tetrapropylammonium chloride,0.0556,221.81,water,18.02,101,991.9,308.15
tetrapropylammonium chloride,0.0556,221.81,water,18.02,101,985.1,318.15
tetrapropylammonium chloride,0.0556,221.81,water,18.02,101,978.2,328.15
tetrapropylammonium chloride,0.0556,221.81,water,18.02,101,971.1,338.15
tetrapropylammonium chloride,0.0556,221.81,water,18.02,101,963.9,348.15
tetrapropylammonium chloride,0.0934,221.81,water,18.02,101,997.2,298.15
tetrapropylammonium chloride,0.0934,221.81,water,18.02,101,990,308.15
tetrapropylammonium chloride,0.0934,221.81,water,18.02,101,982.8,318.15
tetrapropylammonium chloride,0.0934,221.81,water,18.02,101,975.5,328.15
tetrapropylammonium chloride,0.0934,221.81,water,18.02,101,968.2,338.15
tetrapropylammonium chloride,0.0934,221.81,water,18.02,101,960.8,348.15
tetrapropylammonium chloride,0.0934,221.81,water,18.02,101,953.3,358.15
tetrapropylammonium chloride,0.1574,221.81,water,18.02,101,990.1,298.15
tetrapropylammonium chloride,0.1574,221.81,water,18.02,101,983.3,308.15
tetrapropylammonium chloride,0.1574,221.81,water,18.02,101,976.4,318.15
tetrapropylammonium chloride,0.1574,221.81,water,18.02,101,969.6,328.15
tetrapropylammonium chloride,0.1574,221.81,water,18.02,101,962.6,338.15
tetrapropylammonium chloride,0.1574,221.81,water,18.02,101,955.6,348.15
tetrapropylammonium chloride,0.1574,221.81,water,18.02,101,948.6,358.15
tetraethylammonium chloride,0.0173,165.71,water,18.02,101,1000.2,298.15
tetraethylammonium chloride,0.0173,165.71,water,18.02,101,996.7,308.15
tetraethylammonium chloride,0.0173,165.71,water,18.02,101,992.3,318.15
tetraethylammonium chloride,0.0403,165.71,water,18.02,101,1005.7,298.15
tetraethylammonium chloride,0.0403,165.71,water,18.02,101,1001.1,308.15
tetraethylammonium chloride,0.0403,165.71,water,18.02,101,996.5,318.15
tetraethylammonium chloride,0.0403,165.71,water,18.02,101,990.9,328.15
tetraethylammonium chloride,0.0403,165.71,water,18.02,101,982.8,338.15
tetraethylammonium chloride,0.0403,165.71,water,18.02,101,971.4,348.15
tetraethylammonium chloride,0.0403,165.71,water,18.02,101,953.1,358.15
tetraethylammonium chloride,0.0727,165.71,water,18.02,101,1014.9,298.15
tetraethylammonium chloride,0.0727,165.71,water,18.02,101,1009.5,308.15
tetraethylammonium chloride,0.0727,165.71,water,18.02,101,1003.9,318.15
tetraethylammonium chloride,0.0727,165.71,water,18.02,101,998.3,328.15
tetraethylammonium chloride,0.0727,165.71,water,18.02,101,992.2,338.15
tetraethylammonium chloride,0.0727,165.71,water,18.02,101,985.7,348.15
tetraethylammonium chloride,0.0727,165.71,water,18.02,101,977.1,358.15
tetraethylammonium chloride,0.1213,165.71,water,18.02,101,1027,298.15
tetraethylammonium chloride,0.1213,165.71,water,18.02,101,1020.8,308.15
tetraethylammonium chloride,0.1213,165.71,water,18.02,101,1014.4,318.15
tetraethylammonium chloride,0.1213,165.71,water,18.02,101,1008,328.15
tetraethylammonium chloride,0.1213,165.71,water,18.02,101,1001.5,338.15
tetraethylammonium chloride,0.1213,165.71,water,18.02,101,995.1,348.15
tetraethylammonium chloride,0.1213,165.71,water,18.02,101,988.4,358.15
tetraethylammonium chloride,0.1994,165.71,water,18.02,101,1035.4,298.15
tetraethylammonium chloride,0.1994,165.71,water,18.02,101,1029.1,308.15
tetraethylammonium chloride,0.1994,165.71,water,18.02,101,1022.8,318.15
tetraethylammonium chloride,0.1994,165.71,water,18.02,101,1016.4,328.15
tetraethylammonium chloride,0.1994,165.71,water,18.02,101,1010,338.15
tetraethylammonium chloride,0.1994,165.71,water,18.02,101,1003.4,348.15
tetraethylammonium chloride,0.1994,165.71,water,18.02,101,997.2,358.15
methyltriphenylphosphonium bromide,0.2,357.23,glycerol,92.09,101,1289,298.15
methyltriphenylphosphonium bromide,0.2,357.23,glycerol,92.09,101,1286,303.15
methyltriphenylphosphonium bromide,0.2,357.23,glycerol,92.09,101,1282,308.15
methyltriphenylphosphonium bromide,0.2,357.23,glycerol,92.09,101,1278,313.15
methyltriphenylphosphonium bromide,0.2,357.23,glycerol,92.09,101,1274,318.15
methyltriphenylphosphonium bromide,0.2,357.23,glycerol,92.09,101,1271,323.15
methyltriphenylphosphonium bromide,0.2,357.23,glycerol,92.09,101,1267,328.15
methyltriphenylphosphonium bromide,0.2,357.23,glycerol,92.09,101,1263,333.15
methyltriphenylphosphonium bromide,0.2,357.23,glycerol,92.09,101,1260,338.15
methyltriphenylphosphonium bromide,0.2,357.23,glycerol,92.09,101,1257,343.15
methyltriphenylphosphonium bromide,0.2,357.23,glycerol,92.09,101,1253,348.15
methyltriphenylphosphonium bromide,0.2,357.23,glycerol,92.09,101,1250,353.15
methyltriphenylphosphonium bromide,0.2,357.23,glycerol,92.09,101,1246,358.15
methyltriphenylphosphonium bromide,0.2,357.23,glycerol,92.09,101,1242,363.15
methyltriphenylphosphonium bromide,0.2,357.23,glycerol,92.09,101,1238,368.15
methyltriphenylphosphonium bromide,0.25,357.23,glycerol,92.09,101,1298,298.15
methyltriphenylphosphonium bromide,0.25,357.23,glycerol,92.09,101,1294,303.15
methyltriphenylphosphonium bromide,0.25,357.23,glycerol,92.09,101,1291,308.15
methyltriphenylphosphonium bromide,0.25,357.23,glycerol,92.09,101,1287,313.15
methyltriphenylphosphonium bromide,0.25,357.23,glycerol,92.09,101,1284,318.15
methyltriphenylphosphonium bromide,0.25,357.23,glycerol,92.09,101,1281,323.15
methyltriphenylphosphonium bromide,0.25,357.23,glycerol,92.09,101,1277,328.15
methyltriphenylphosphonium bromide,0.25,357.23,glycerol,92.09,101,1274,333.15
methyltriphenylphosphonium bromide,0.25,357.23,glycerol,92.09,101,1270,338.15
methyltriphenylphosphonium bromide,0.25,357.23,glycerol,92.09,101,1266,343.15
methyltriphenylphosphonium bromide,0.25,357.23,glycerol,92.09,101,1263,348.15
methyltriphenylphosphonium bromide,0.25,357.23,glycerol,92.09,101,1259,353.15
methyltriphenylphosphonium bromide,0.25,357.23,glycerol,92.09,101,1256,358.15
methyltriphenylphosphonium bromide,0.25,357.23,glycerol,92.09,101,1252,363.15
methyltriphenylphosphonium bromide,0.25,357.23,glycerol,92.09,101,1249,368.15
methyltriphenylphosphonium bromide,0.33,357.23,glycerol,92.09,101,1303,303.15
methyltriphenylphosphonium bromide,0.33,357.23,glycerol,92.09,101,1295,313.15
methyltriphenylphosphonium bromide,0.33,357.23,glycerol,92.09,101,1289,323.15
methyltriphenylphosphonium bromide,0.33,357.23,glycerol,92.09,101,1282,333.15
methyltriphenylphosphonium bromide,0.33,357.23,glycerol,92.09,101,1275,343.15
methyltriphenylphosphonium bromide,0.33,357.23,glycerol,92.09,101,1268,353.15
methyltriphenylphosphonium bromide,0.33,357.23,glycerol,92.09,101,1262,363.15
