HBA_cid,HBA_smiles,Vendor Status,GHS_info,Health Score,Environmental Score
23558,CCCCCCCCCC[N+](C)(C)CCCCCCCCCC.[Cl-],True,"['H302', 'H314', 'H301', 'H318', 'H400', 'H410', 'H411', 'H312', 'H317', 'H370', 'H330', 'H371', 'H373']",500,275
8154,CCCCCCCCCCCCCCCC[N+](C)(C)C.[Cl-],True,"['H302', 'H314', 'H400', 'H311', 'H315', 'H318', 'H335', 'H410', 'H312', 'H319']",295,200
62581,CCCCCCCC[N+](C)(C)CCCCCCCC.[Cl-],True,"['H226', 'H301', 'H302', 'H310', 'H314', 'H318', 'H400']",275,100
5946,CC[N+](CC)(CC)CC.[Cl-],True,"['H302', 'H315', 'H319', 'H335']",120,0
74236,CCCC[N+](CCCC)(CCCC)CCCC.[Br-],True,"['H302', 'H315', 'H319', 'H335', 'H411', 'H412', 'H260', 'H314']",145,125
21218,CCCCCCCC[N+](C)(CCCCCCCC)CCCCCCCC.[Cl-],True,"['H301', 'H315', 'H318', 'H319', 'H400', 'H410', 'H302', 'H314']",195,200
20708,CCCCCCCCCCCCCC[N+](C)(C)C.[Cl-],True,"['H315', 'H319', 'H335']",70,0
8155,CCCCCCCCCCCCCCCCCC[N+](C)(C)C.[Cl-],True,"['H302', 'H311', 'H312', 'H314', 'H318', 'H400', 'H410']",225,200
7879,CCCCCCCCCCCCCCCCCC[N+](C)(C)CCCCCCCCCCCCCCCCCC.[Cl-],True,"['H318', 'H400', 'H410']",25,200
67553,CCCC[N+](CCCC)(CCCC)CCCC.[I-],True,"['H302', 'H315', 'H318', 'H319', 'H335']",145,0
2724141,CCCC[N+](CCCC)(CCCC)CCCC.[F-],True,"['H314', 'H318', 'H335']",100,0
91822,CCCC[N+](C)(CCCC)CCCC.[Cl-],True,"['H302', 'H312', 'H315', 'H319', 'H335', 'H400', 'H410', 'H413']",170,225
78667,CCCCC[N+](CCCCC)(CCCCC)CCCCC.[Cl-],True,"['H314', 'H317']",50,0
74745,CCC[N+](CCC)(CCC)CCC.[Br-],True,Not classified as a hazardous substance,0,0
70681,CCCC[N+](CCCC)(CCCC)CCCC.[Cl-],True,"['H315', 'H319', 'H335']",70,0
61906,CCCCCCCCCC[N+](C)(C)CCCCCCCC.[Cl-],True,"['H302', 'H314', 'H400']",75,100
24952,CCCCCCCCCCCCCC[N+](C)(C)CCCCCCCCCCCCCC.[Cl-],True,"['H302', 'H314', 'H315', 'H318', 'H400', 'H410', 'H411']",110,275
15743,CCCCCCCCCCCCCCCC[N+](C)(C)CCCCCCCCCCCCCCCC.[Cl-],True,"['H314', 'H302', 'H315', 'H318', 'H335', 'H400', 'H410']",160,200
12429,CCC[N+](CCC)(CCC)CCC.[I-],True,"['H315', 'H319', 'H335']",70,0
11769095,CCCC[N+]1(CCCC1)C.[Cl-],True,No GHS data available,100,100
3014969,CCCCCCCCCCCCCCCCCCCCCC[N+](C)(C)C.[Cl-],True,"['H315', 'H319', 'H400', 'H410', 'H302', 'H312', 'H314']",145,200
78073,CCCCCCC[N+](CCCCCCC)(CCCCCCC)CCCCCCC.[Br-],True,"['H315', 'H319', 'H335']",70,0
76521,CCCC[N+](C)(CCCC)CCCC.[I-],True,"['H315', 'H319', 'H335']",70,0
18843,CCCCCCCCCCCC[N+](C)(C)CCCCCCCCCCCC.[Cl-],True,"['H302', 'H315', 'H319']",70,0
2735155,CCCCCCCC[N+](CCC)(CCCCCCCC)CCCCCCCC.[Cl-],True,"['H302', 'H315', 'H319', 'H335']",120,0
104201,CCCCCCCCCCCCCCCC[N+](C)(CCCCCCCCCCCCCCCC)CCCCCCCCCCCCCCCC.[Cl-],True,No GHS data available,100,100
82489,CCCCCCC[N+](CCCCCCC)(CCCCCCC)CCCCCCC.[Cl-],True,"['H315', 'H319', 'H335']",70,0
80021,CCCCCC[N+](CCCCCC)(CCCCCC)CCCCCC.[Cl-],True,"['H315', 'H319', 'H335']",70,0
79880,CCC[N+](CCC)(CCC)CCC.[Cl-],True,"['H315', 'H319', 'H335']",70,0
78026,CCCCCC[N+](CCCCCC)(CCCCCC)CCCCCC.[Br-],True,"['H315', 'H319', 'H335']",70,0
77071,CCCCCCC[N+](CCCCCCC)(CCCCCCC)CCCCCCC.[I-],True,"['H315', 'H319', 'H335']",70,0
75056,CCCCCC[N+](CCCCCC)(CCCCCC)CCCCCC.[I-],True,"['H315', 'H319', 'H335']",70,0
70086,CCCCC[N+](CCCCC)(CCCCC)CCCCC.[Br-],True,"['H315', 'H319', 'H335']",70,0
21541,CC(C)CC[N+](CCC(C)C)(CCC(C)C)CCC(C)C.[I-],True,No GHS data available,100,100
17248,CCCCC[N+](CCCCC)(CCCCC)CCCCC.[I-],True,"['H315', 'H319', 'H335']",70,0
134813759,CCCCCCCCCCCCCCCCCCCCCC[N+](C)(C)CCCCCCCCCCCCCCCCCCC.[Cl-],True,"['H315', 'H318', 'H373', 'H400', 'H411']",85,175
60196394,CCC[N+]1(CCCC1)C.[Cl-],True,No GHS data available,100,100
23225441,CCCCCCCCCCCCC[N+](C)(C)CCCCCCCCCCCCC.[Cl-],True,No GHS data available,100,100
20316921,CCC[N+](C)(CC)CC.[Br-],True,"['H315', 'H319', 'H335']",70,0
14029864,CCCCCCCCCCCC[N+](CCCCCCCCCCCC)(CCCCCCCCCCCC)CCCCCCCCCCCC.[Cl-],True,"['H315', 'H319', 'H335']",70,0
11996614,CCCCCCCC[N+](CCCCCCCC)(CCCCCCCC)CCCCCCCC.[Cl-],True,"['H315', 'H319', 'H335']",70,0
11748636,CCCC[N+](CCCC)(CCCC)CCCC.F.F.[F-],True,"['H302', 'H310', 'H312', 'H314', 'H318', 'H330', 'H332', 'H350']",500,0
11746670,CCCC[N+](CC)(CC)CC.[Br-],True,"['H315', 'H319']",20,0
11726816,CCCC[N+](CCCC)(CCCC)CCCC.O.O.O.[F-],True,"['H314', 'H318']",50,0
10891295,CCCC[N+](CCCC)(CCCC)CCCC.F.[F-],True,['H314'],25,0
10062191,CCCC[N+](C)(CCCC)CCCC.[Br-],True,"['H315', 'H319', 'H335']",70,0
84293,CCCC[N+](C)(C)C.[Cl-],True,No GHS data available,100,100
81601,CCCCCCCCCCCC[N+](C)(CCCCCCCCCCCC)CCCCCCCCCCCC.[Cl-],True,No GHS data available,100,100
78814,CCCCCCCCCC[N+](C)(CCCCCCCCCC)CCCCCCCCCC.[Cl-],True,No GHS data available,100,100
61505,CCCCCCCCCCCC[N+](C)(C)CCCCCCCC.[Cl-],True,No GHS data available,100,100
71404253,CCCC[N+](CCC(C)C)(CCC(C)C)CCC(C)C.[Br-],True,No GHS data available,100,100
71309260,CCC[N+](CCC)(CCC)CCC.[Br-],True,"['H315', 'H319', 'H335']",70,0
23500186,CCC[N+](CC)(CCC)CCC.[I-],True,"['H315', 'H319']",20,0
23500184,CCCC[N+](CCCC)(CCCC)CCCC.CCCC[N+](CCCC)(CCCC)CCCC.CCCC[N+](CCCC)(CCCC)CCCC.[Br-].[Br-].[Br-],True,"['H314', 'H315', 'H319', 'H335']",95,0
23500174,CCCC[N+](CCCC)(CCCC)CCCC.[Cl-](Br)Br,True,"['H315', 'H319']",20,0
23469415,CCCC[N+](CCC)(CCCC)CCCC.[I-],True,No GHS data available,100,100
20537283,CC(C)CC[N+](CCC(C)C)(CCC(C)C)CCC(C)C.[F-],True,No GHS data available,100,100
20537282,CCCC[N+](CCCC)(CCCC)CCCC.O.[Br-],True,No GHS data available,100,100
19369153,CCCCCCCCCCCC[N+](C)(C)CCCC.[Cl-],True,No GHS data available,100,100
19043781,CCCC[N+](CC)(CCCC)CCCC.[Br-],True,No GHS data available,100,100
18971006,CCC[N+](CC)(CC)CC.[Cl-],True,No GHS data available,100,100
16739405,CCCCC[N+](CCCC)(CCCC)CCCC.[Br-],True,['H302'],50,0
16212273,CCCC[N+](CCCC)(CCCC)CCCC.O.[Cl-],True,"['H315', 'H319', 'H335']",70,0
15859728,CCCC[N+](CCCC)(CCCC)CCCC.[Br-](I)I,True,"['H315', 'H319', 'H335']",70,0
15818177,CCCCCCCCCC[N+](CCCCCCCCCC)(CCCCCCCCCC)CCCCCCCCCC.[Cl-],True,No GHS data available,100,100
15664046,CCC[N+](CC)(CC)CC.[Br-],True,No GHS data available,100,100
15461386,CCC[N+](C)(C)C.[Cl-],True,No GHS data available,100,100
15461354,CCCCCCC[N+](CCCC)(CCCC)CCCC.[Br-],True,No GHS data available,100,100
14718300,CCCCCCCCCCCCCC[N+](C)(CCCCCCCCCCCCCC)CCCCCCCCCCCCCC.[Cl-],True,No GHS data available,100,100
14009109,CCCCCCCCCCCCCCCCCC[N+](CC)(CC)CCCCCCCCCCCCCCCCCC.[Cl-],True,No GHS data available,100,100
13726195,CCC[N+](CCC)(CCC)CCC.[F-],True,No GHS data available,100,100
13508502,CCCCC[N+](C)(C)C.[Cl-],True,No GHS data available,100,100
11288938,CCCCCCCCCCCC[N+](C)(C)CC.[Cl-],True,No GHS data available,100,100
10888803,CCCC[N+](CC)(CC)CC.[Cl-],True,No GHS data available,100,100
9923738,CCCCCCCCCCCCCCCC[N+](C)(C)CC.[Cl-],True,No GHS data available,100,100
9846387,CCCCCCCCC[N+](C)(CCCCCCCCC)CCCCCCCCC.[Cl-],True,No GHS data available,100,100
3017238,CCCC[N+](CCC)(CCC)CCC.[Br-],True,"['H315', 'H319', 'H335']",70,0
83308,CCCCCCCCCCCCCCCC[N+](CC)(CC)CC.[Cl-],True,No GHS data available,100,100
77852,CCC[N+](CC)(CC)CC.[I-],True,No GHS data available,100,100
77067,CCC[N+](C)(CCC)CCC.[I-],True,No GHS data available,100,100
23516,CC[N+](CC)(CC)CCCCC[N+](CC)(CC)CC.[Br-].[Br-],True,No GHS data available,100,100
19179,CCCC[N+](CCC)(CCC)CCC.[I-],True,No GHS data available,100,100
71398586,CCCCCC[N+](CC)(CCCCCC)CCCCCC.[Br-],True,No GHS data available,100,100
71370914,CN(CCC[N+](C)(C)C)CCC[N+](C)(C)C.[Cl-].[Cl-],True,No GHS data available,100,100
71362436,CCCCCCCC[N+](C)(CCCCCC)CCCCCC.[Cl-],True,No GHS data available,100,100
71342334,CCCCCCCCCCCC[N+](CC)(CCCCCCCCCCCC)CCCCCCCCCCCC.[Cl-],True,No GHS data available,100,100
71338506,CCCCCCCCCCCCCCCCCC[N+](C)(C)CCCCCCCCCC.[Cl-],True,No GHS data available,100,100
71335164,CCCCCCCCCCCCCCCC[N+](CCC)(CCC)CCC.[Cl-],True,No GHS data available,100,100
71318846,CCCCCCCCCCCCCCCCCC[N+](CCC)(CCC)CCC.[Cl-],True,No GHS data available,100,100
53436407,CCCCCCC[N+](CCCCCC)(CCCCCC)CCCCCCC.[I-],True,No GHS data available,100,100
53431297,CCCCCCC[N+](CCCCCC)(CCCCCC)CCCCCC.[I-],True,No GHS data available,100,100
23500181,CCCC[N+](CCCC)(CCCC)CCCC.CCCC[N+](CCCC)(CCCC)CCCC.CCCC[N+](CCCC)(CCCC)CCCC.[I-].[I-].[I-],True,No GHS data available,100,100
23018947,CCC[N+](C)(C)CCC.[Br-],True,No GHS data available,100,100
23018946,CCCC[N+](C)(C)CCCC.[Br-],True,No GHS data available,100,100
22556203,CCCCCCC[N+](C)(C)CCCCCCC.[Cl-],True,No GHS data available,100,100
22506378,CCCCCCCCCCCCCCCCCC[N+](CC)(CC)CC.[Cl-],True,No GHS data available,100,100
22367840,CCCCCCCCCCCCCCCCCC[N+](CCCC)(CCCC)CCCCCCCCCCCCCCCCCC.[Cl-],True,No GHS data available,100,100
22311748,CCCCCCCCCCCCCCCCCC[N+](C)(C)CC.[Cl-],True,No GHS data available,100,100
22311747,CCCCCCCCC[N+](C)(C)CCCCCCCCC.[Cl-],True,No GHS data available,100,100
22269555,CCCCCCCCCCCCCCCC[N+](C)(CC)CC.[Cl-],True,No GHS data available,100,100
22117807,CCC[N+](C)(CCC)CCC.[Br-],True,No GHS data available,100,100
21924947,CCCCCCCCCCCC[N+](CCC)(CCC)CCCCCCCCCCCC.[Cl-],True,No GHS data available,100,100
20063106,CCCCCCCCCCCCCCCC[N+](C)(C)CCCCCCCCCCCCCC.[Cl-],True,No GHS data available,100,100
19844217,CCCCCCCCCCCCCCCCCC[N+](CCCC)(CCCC)CCCC.[Cl-],True,No GHS data available,100,100
19604628,CCCC[N+](C)(CCCC)CCCC.[F-],True,No GHS data available,100,100
18627212,CCCCCCCC[N+](CC)(CCCCCCCC)CCCCCCCC.[Cl-],True,No GHS data available,100,100
18185861,CCCC[N+](CCCC)(CCCC)CCC(C)C.[Br-],True,No GHS data available,100,100
16213617,CCC[N+](CCC)(CCC)CCC.[Br-],True,"['H315', 'H319', 'H335']",70,0
16211673,CCCC[N+](CCCC)(CCCC)CCCC.O.[F-],True,No GHS data available,100,100
15839034,CC(C)CC[N+](CCC(C)C)(CCC(C)C)CCC(C)C.[Cl-],True,No GHS data available,100,100
15708907,CCCCCCCCCCCCCCCC[N+](CCCCCCCCCCCCCCCC)(CCCCCCCCCCCCCCCC)CCCCCCCCCCCCCCCC.[Cl-],True,No GHS data available,100,100
14598532,CCCCCCCCCCCCCCCC[N+](CCCC)(CCCC)CCCC.[Cl-],True,No GHS data available,100,100
14475739,CCCCCCCCCCCCCC[N+](CCCCCCCCCCCCCC)(CCCCCCCCCCCCCC)CCCCCCCCCCCCCC.[Cl-],True,No GHS data available,100,100
14389983,CCCCCCCCCCCCC[N+](C)(C)C.[Cl-],True,No GHS data available,100,100
14009101,CCCCCCCCCCCCCC[N+](CC)(CC)CCCCCCCCCCCCCC.[Cl-],True,No GHS data available,100,100
14009098,CCCCCCCCCCCCCCCCCCC[N+](C)(C)CCCCCCCCCCCCCCCCCCC.[Cl-],True,No GHS data available,100,100
13879751,CCCCCCCCCCCCCCCCCC[N+](C)(CCCCCCCCCCCCCCCCCC)CCCCCCCCCCCCCCCCCC.[Cl-],True,No GHS data available,100,100
13879587,CCC[N+](CC)(CCC)CCC.[Br-],True,No GHS data available,100,100
13879585,CCC[N+](CC)(CC)CCC.[Br-],True,No GHS data available,100,100
13860112,CCCC[N+](CCC)(CCCC)CCCC.[Br-],True,No GHS data available,100,100
13797566,CCCCCCCCCCCCCCCCC[N+](C)(C)CCCCCCCCCCCCCCCCC.[Cl-],True,No GHS data available,100,100
13783603,CCC[N+](C)(CCC)CCC.[Cl-],True,No GHS data available,100,100
11783457,CCCCCC[N+](C)(CCCCCC)CCCCCC.[Br-],True,No GHS data available,100,100
11507979,CCCCC[N+](CCCCC)(CCCCC)CCCCC.[F-],True,No GHS data available,100,100
9835338,CCCCCCCCCC[N+](CC)(CC)CC.[Cl-],True,No GHS data available,100,100
3015159,CCCCCCCCCCCC[N+](CC)(CC)CC.[Cl-],True,No GHS data available,100,100
458639,CCCC[N+](CC)(CC)CC.[I-],True,No GHS data available,100,100
71463862,CCCCC[N+](C)(CCCCC)CCCCC.[Br-],True,No GHS data available,100,100
71444324,CCCC[N+](CCC(C)C)(CCC(C)C)CCC(C)C.[I-],True,No GHS data available,100,100
71409431,CCCCCCCCCCCCCCCCCC[N+](C)(C)CCCCC.[Cl-],True,No GHS data available,100,100
71399104,CCCC[N+](C)(C)CCCC.[I-],True,No GHS data available,100,100
71367605,CCCCCCCCCCCCCCCCCC[N+](CCCCCCCC)(CCCCCCCC)CCCCCCCC.[Cl-],True,No GHS data available,100,100
71366270,CCCC[N+](CCCC)(CCCC)CCC(C)C.[I-],True,No GHS data available,100,100
71346399,CCCCCCCC[N+](C)(C)CCCCC.[Cl-],True,No GHS data available,100,100
71318280,CCCC[N+](CCC(C)C)(CCC(C)C)CCC(C)C.[Cl-],True,No GHS data available,100,100
71318063,CCCCCCCCCCCCCCCC[N+](C)(C)CCCC.[Cl-],True,No GHS data available,100,100
53431295,CCCCCCC[N+](CCCCCC)(CCCCCC)CCCCCC.[Br-],True,No GHS data available,100,100
23322578,CCCC[N+](CC)(CC)CCCC.[I-],True,No GHS data available,100,100
19604627,CCC[N+](C)(CCC)CCC.[F-],True,No GHS data available,100,100
11733563,CCCC[N+](CCCC)(CCCC)CCCC.[Br-].BrBr,True,No GHS data available,100,100
87777964,CCCCCCCC[N+](CCCCCCC)(CCCCCCCC)CCCCCCCC.[Cl-],True,No GHS data available,100,100
86242437,CCCC[N+](CCCC)(CCCC)CCCC.O.O.[Cl-],True,No GHS data available,100,100
71444381,C[N+](C)(C)CCCC[N+](C)(C)C.[Cl-].[Cl-],True,No GHS data available,100,100
71418199,CCCC[N+](C)(C)CCCC[N+](C)(C)CCCC.[I-].[I-],True,No GHS data available,100,100
71417355,CCC[N+](CCC)(CCC)CCCCC[N+](CCC)(CCC)CCC.[I-].[I-],True,No GHS data available,100,100
71409984,CCCCCCCCCCCCCCCCCC[N+](C)(C)CCCC.[Cl-],True,No GHS data available,100,100
71385129,CCCCC[N+](C)(C)CCCC.[Cl-],True,No GHS data available,100,100
71382091,CCCCCCC[N+](C)(CCC)CCCCC.[I-],True,No GHS data available,100,100
71382087,CCCCCCC[N+](CCCC)(CCCCC)CCCCCC.[I-],True,No GHS data available,100,100
71366277,CCCCC[N+](CC)(CCC)CCCC.[I-],True,No GHS data available,100,100
71347115,CCCCCCCCCCCCCCCCCC[N+](C)(CCCC)CCCCCCCCCCCCCCCCCC.[Cl-],True,No GHS data available,100,100
71340171,CC(C)C[N+](C)(CC(C)C)CC(C)C.[Cl-],True,No GHS data available,100,100
71334519,CCCCCCCCCCCCCCCC[N+](C)(CC)CCCCCCCCCCCCCCCC.[Cl-],True,No GHS data available,100,100
71320751,CCCCCCCCCCCCCCCCCCCCCCCCCCCCCCCCCCCC[N+](C)(C)CCCCCCCCCCCCCCCCCCCCCCCCCCCCCCCCCC.[Cl-],True,No GHS data available,100,100
71318844,CCCCCCCCCCCCCCCCCCCCCCCC[N+](CC)(CC)CC.[Cl-],True,No GHS data available,100,100
22258722,[H+].CCCC[N+](CCCC)(CCCC)CCCC.[F-].[F-],True,No GHS data available,100,100
12534444,CCCC[N+](CCCC)(CCCC)CCCC.[I-].[I-].[I-],True,No GHS data available,100,100
13598032,CCCC[N+](CCCC)(CCCC)CCCC.[Br-].[Br-].[Br-],True,No GHS data available,100,100
18528749,CCCC[N+](C)(CCCC)CCC[N+](C)(CCCC)CCC[N+](C)(CCCC)CCCC.[I-].[I-].[I-],True,No GHS data available,100,100
21870268,[H+].[H+].CCCC[N+](CCCC)(CCCC)CCCC.[F-].[F-].[F-],True,No GHS data available,100,100
22020579,CCCC[N+](CCCC)(CCCC)CCCC.[Br-],True,No GHS data available,100,100
22445513,CCCC[N+](CCCC)(CCCC)CCCC.[Cl-],True,No GHS data available,100,100
91873288,CCCC[N+](CCCC)(CCCC)CCCC.CCCC[N+](CCCC)(CCCC)CCCC.CCCC[N+](CCCC)(CCCC)CCCC.[Cl-].[Cl-].[Br-],True,No GHS data available,100,100
131668477,[H+].CC[N+](CC)(CC)CC.[Cl-],True,No GHS data available,100,100
132353558,CC(C)C[N+](C)(C)CCCC[N+](C)(C)CC(C)C.[I-].[I-],True,No GHS data available,100,100
134081371,CCCC[N+](CCCC)(CCCC)CCCC.[Br-],True,No GHS data available,100,100
53362697,C1=CC=C(C=C1)[P+](CCCN=[N+]=[N-])(C2=CC=CC=C2)C3=CC=CC=C3.[Br-],True,No GHS data available,100,100
8755,CCCCCCCCCCCCCC[N+](C)(C)CC1=CC=CC=C1.[Cl-],True,"['H302', 'H312', 'H314', 'H318', 'H400', 'H410', 'H301+H331', 'H301', 'H311']",450,200
8753,CCCCCCCCCCCC[N+](C)(C)CC1=CC=CC=C1.[Cl-],True,"['H302', 'H311', 'H312', 'H314', 'H318', 'H330', 'H400', 'H410', 'H332']",375,200
31204,CCCCCCCCCCCCCCCCCC[N+](C)(C)CC1=CC=CC=C1.[Cl-],True,"['H302', 'H314', 'H315', 'H318', 'H400', 'H410']",110,200
5963,C[N+](C)(C)CC1=CC=CC=C1.[Cl-],True,"['H301', 'H302', 'H311', 'H315', 'H319', 'H332', 'H341', 'H412', 'H370', 'H373', 'H371']",470,50
31202,CCCCCCCCCCCCCCCC[N+](C)(C)CC1=CC=CC=C1.[Cl-],True,"['H302', 'H311', 'H312', 'H314', 'H317', 'H318', 'H330', 'H335', 'H400', 'H410']",400,200
23705,CCCCCCCCCCCC[N+](C)(C)CC1=CC=CC=C1.[Br-],True,"['H301', 'H302', 'H314', 'H315', 'H319', 'H335', 'H400']",220,100
66133,CC[N+](CC)(CC)CC1=CC=CC=C1.[Cl-],True,"['H302', 'H315', 'H317', 'H319', 'H335', 'H412']",145,50
13762,CCCCCCCCCC[N+](C)(C)CC1=CC=CC=C1.[Cl-],True,"['H302', 'H312', 'H314', 'H400', 'H302+H312', 'H318', 'H315', 'H319', 'H335']",320,100
137699107,CCC(C)C.CCC(CC(C)C1=CC=CC=C1)C2=CC=C(C=C2)C[N+](C)(C)C.N.[Cl-],True,No GHS data available,100,100
29563,CCCCCCCCCCCC[N+](CCO)(CCO)CC1=CC=CC=C1.[Cl-],True,"['H302', 'H315', 'H318', 'H319', 'H331', 'H335', 'H400', 'H410']",220,200
20619,C[N+](C)(C)CC1=CC=CC=C1.[I-],True,"['H302', 'H315', 'H319', 'H335']",120,0
177843,CCCCCCCCCCCCCC[N+](C)(C)CC1=CC=CC=C1.O.O.[Cl-],True,"['H302', 'H314', 'H400']",75,100
21449,C[N+](C)(C)CC1=CC=CC=C1.[Br-],True,"['H302', 'H315', 'H319', 'H335']",120,0
13740,CCCCCCCC[N+](C)(C)CC1=CC=CC=C1.[Cl-],True,"['H302', 'H312', 'H314', 'H400']",125,100
15636465,CCCCCCCC[N+](C)(C)CC1=CC=CC=C1.[Br-],True,"['H301', 'H312', 'H314', 'H400']",150,100
3014024,CCCCCCCCCCCCC[N+](C)(C)CC1=CC=CC=C1.[Cl-],True,No GHS data available,100,100
165133,CCCCCCCCCCCCCCCC[N+](C)(C)CC1=CC=CC=C1.[Br-],True,No GHS data available,100,100
101569,C[N+](C)(CC1=CC=CC=C1)CC2=CC=CC=C2.[Cl-],True,['H412'],0,50
76668,C[N+](C)(CC1=CC=CC=C1)C2=CC=CC=C2.[Cl-],True,"['H302', 'H314', 'H400']",75,100
22833367,C[N+]1(CC=CC=C1)CC2=CC=CC=C2.[Cl-],True,"['H226', 'H314', 'H318', 'H335', 'H400']",100,100
16211261,CCCCCCCCCCCCCCCC[N+](C)(C)CC1=CC=CC=C1.O.[Cl-],True,No GHS data available,100,100
12383100,CC1=CC=C(C=C1)C[N+](C)(C)C.[Cl-],True,No GHS data available,100,100
9866364,CCCCCCCCCCCCCC[N+](C)(C)CC1=CC=CC=C1.[Br-],True,No GHS data available,100,100
2724282,CCCC[N+](CCCC)(CCCC)CC1=CC=CC=C1.[Br-],True,"['H302', 'H312', 'H315', 'H319', 'H332', 'H335']",220,0
202330,C[N+]1(CCC(CC1)C2=CC=CC=C2)C.[I-],True,No GHS data available,100,100
159952,CCCC[N+](CCCC)(CCCC)CC1=CC=CC=C1.[Cl-],True,"['H302', 'H314', 'H315', 'H319']",95,0
122756,CC[N+](CC)(CC)CC1=CC=CC=C1.[I-],True,"['H315', 'H319']",20,0
78872,CC[N+](C)(C)CC1=CC=CC=C1.[Cl-],True,"['H315', 'H319']",20,0
61271,CCCCCCCCCCCC[N+](C)(C)CC1=CC=CC2=CC=CC=C21.[Cl-],True,No GHS data available,100,100
40887,CC(C1=CC=CC=C1)[N+](C)(C)C.[I-],True,"['H315', 'H319', 'H335']",70,0
33917,CCCCCCCCCCCC[N+](C)(C)CC1=CC=C(C=C1)CC.[Cl-],True,"['H302+H312', 'H302', 'H312', 'H314', 'H318', 'H400', 'H410']",250,200
18499,CC[N+](C)(C)CC1=CC=CC=C1Br.[Br-],True,No GHS data available,100,100
23274630,CCCCCC[N+](C)(C)CC1=CC=CC=C1.[Cl-],True,"['H302', 'H312', 'H314', 'H400']",125,100
16211866,CCCC[N+](CCCC)(CCCC)CC1=CC=CC=C1.[I-],True,"['H315', 'H319', 'H335']",70,0
13056170,CCC[N+](CCC)(CCC)CC1=CC=CC=C1.[Br-],True,No GHS data available,100,100
11660400,CCCCCCCCCC[N+](C)(C)CC1=CC=CC=C1.[Br-],True,No GHS data available,100,100
11062816,C[N+](C)(C)CC1=CC=CC=C1.[F-],True,"['H315', 'H319', 'H335']",70,0
10157558,CCCCCCCCCCCCCC[N+](C)(C)CC1=CC=C(C=C1)CC.[Cl-],True,"['H226', 'H302', 'H312', 'H314', 'H400']",125,100
10089318,CCCCCCCCCCCCCC[N+](C)(C)CC1=CC=CC=C1.[F-],True,No GHS data available,100,100
9805153,CCCCCCCCCCCCCCCCCCCCCC[N+](C)(C)CC1=CC=CC=C1.[Cl-],True,"['H315', 'H319']",20,0
6436635,CCCCCCCCC=CCCCCCCCC[N+](C)(C)CC1=CC=CC=C1.[Cl-],True,No GHS data available,100,100
6097067,CCC[N+](CCC)(CCC)CC1=CC=CC=C1.[Cl-],True,"['H315', 'H319', 'H335']",70,0
3014945,CCCCCCCCCCCCCCC[N+](C)(C)CC1=CC=CC=C1.[Cl-],True,No GHS data available,100,100
3014549,C[N+](C)(CCO)CC1=CC=CC=C1.[Cl-],True,"['H315', 'H319', 'H335']",70,0
165294,CC[N+](CC)(CC)CC1=CC=CC=C1.[Br-],True,"['H315', 'H319']",20,0
103275,CCCCCCCCCCCCCCCC[N+](CC1=CC=CC=C1)(CC(C)O)CC(C)O.[Cl-],True,"['H314', 'H411']",25,75
103099,CCCCCCCCCCCC[N+](CC1=CC=CC=C1)(CC(C)O)CC(C)O.[Cl-],True,"['H314', 'H411']",25,75
88091,CC[N+](CC)(CCO)CC1=CC=CC=C1.[Cl-],True,"['H315', 'H319']",20,0
84095,CCCCCCCCCCCCC1=CC=C(C=C1)C[N+](C)(C)C.[Cl-],True,No GHS data available,100,100
14107,C[N+](C)(C)CCC1=CC=CC=C1.[I-],True,No GHS data available,100,100
71443269,CCCC[N+](C)(C)CC1=CC=CC=C1.[Br-],True,No GHS data available,100,100
69118483,C[N+](C)(C)CCCCCC1=CC=C(C=C1)C=C.[Br-],True,No GHS data available,100,100
53442637,C[N+](C)(C)CC1=CC=CC=C1.C[N+](C)(C)CC1=CC=CC=C1.C[N+](C)(C)CC1=CC=CC=C1.[Br-].[Br-].[Br-],True,"['H315', 'H319', 'H335']",70,0
23275523,CCCCCCCCC[N+](C)(C)CC1=CC=CC=C1.[Cl-],True,No GHS data available,100,100
22345058,CC[N+](CC)(CC)CC1=CC=CC=C1.[F-],True,No GHS data available,100,100
20435530,C[N+]1(CCOCC1)CC2=CC=CC=C2.[Cl-],True,No GHS data available,100,100
20158678,C[N+](C)(C)CC1=CC2=CC=CC=C2C=C1.[Cl-],True,No GHS data available,100,100
19382897,C1=CC=C(C=C1)C[N+]#N.[Cl-],True,No GHS data available,100,100
16211989,C[N+](C)(C)CC1=CC=CC=C1.O.[F-],True,"['H315', 'H319', 'H335']",70,0
16211262,CCCCCCCCCCCCCC[N+](C)(C)CC1=CC=CC=C1.O.[Cl-],True,No GHS data available,100,100
15636467,CCCCCCCCCCCCCC[N+](C)(C)CC1=CC=CC=C1.[I-],True,No GHS data available,100,100
14029537,CCCCCCCCCCC[N+](C)(C)CC1=CC=CC=C1.[Cl-],True,No GHS data available,100,100
13879508,CCCCCCCC[N+](CCCCCCCC)(CCCCCCCC)CC1=CC=CC=C1.[Cl-],True,No GHS data available,100,100
13809695,C[N+](C)(CC1=CC=CC=C1)CC2=CC=CC=C2.[I-],True,No GHS data available,100,100
13247241,C[N+](C)(CC=C)CC1=CC=CC=C1.[Br-],True,No GHS data available,100,100
13047371,C[N+]1(CCC2=CC=CC=C2C1)C.[I-],True,"['H315', 'H319', 'H335']",70,0
12767855,CCCCCCCCCCCCCCCCCC[N+](C)(C)CC1=CC=CC=C1.O.[Cl-],True,['H314'],25,0
11287299,C[N+](C)(CC=C)CC1=CC=CC=C1.[Cl-],True,No GHS data available,100,100
11232018,C[N+](C)(CC1=CC=CC=C1)CC2=CC=CC=C2.[Br-],True,No GHS data available,100,100
11076886,C1C[N+]2(CCC1CC2)CC3=CC=CC=C3.[Br-],True,No GHS data available,100,100
10992774,C[N+](C)(C)CC1=CC=CC=C1.[Br-].BrBr,True,"['H315', 'H319', 'H335']",70,0
10802960,C[N+]1(CCC(=O)CC1)CC2=CC=CC=C2.[Br-],True,No GHS data available,100,100
10479761,CCCCCCCCCCCCCCCCCC[N+](C)(C)CC1=CC=CC=C1.[Br-],True,No GHS data available,100,100
6453318,CCCCCCCCCCCC[N+](C)(C)CC1=CC=C(C=C1)C=C.[Cl-],True,No GHS data available,100,100
3034700,CCCCCCCCCCCCCC[N+](CC1=CC=CC=C1)(CC(C)O)CC(C)O.[Cl-],True,Not classified as a hazardous substance,0,0
3017143,CCCCCCCCCCCCCCCCCC[N+](C)(C)C(C=C)C1=CC=CC=C1.[Cl-],True,No GHS data available,100,100
3015147,C[N+](C)(CC1=CC=CC=C1)C2CCCCC2.[Cl-],True,['H412'],0,50
3014947,CCCCCCCCCCCCCCCCC[N+](C)(C)CC1=CC=CC=C1.[Cl-],True,No GHS data available,100,100
392616,CCCCCCCCCCCCCCCC[N+](C)(C)CC1=CC=C(C=C1)F.[Cl-],True,No GHS data available,100,100
198058,C[N+](C)(C)CC1=CC=C(C=C1)C=C.[Cl-],True,No GHS data available,100,100
176320,CCCCCCCCCCCCCCCCCC[N+](CCCCCCCCCCCCCCCCCC)(CCCCCCCCCCCCCCCCCC)CC1=CC=CC=C1.[Cl-],True,No GHS data available,100,100
169424,CCCCCCCCCC[N+](C)(CCCCCCCCCC)CC1=CC=CC=C1.[Cl-],True,No GHS data available,100,100
160892,C[N+]1(CCCCC1)C2(CCCCC2)C3=CC=CC=C3.[I-],True,No GHS data available,100,100
117770,CCCCCCCCCCCCCCCCCC[N+](CCO)(CCO)CC1=CC=CC=C1.[Cl-],True,No GHS data available,100,100
103101,CCCCCCCCCCCCCCCCCC[N+](CC1=CC=CC=C1)(CC(C)O)CC(C)O.[Cl-],True,"['H314', 'H411']",25,75
81482,C1=CC=C(C=C1)C[N+](CCO)(CCO)CCO.[Cl-],True,No GHS data available,100,100
43505,C[N+](C)(C)CCCCC1=CC=CC=C1.[I-],True,No GHS data available,100,100
32854,C[N+](C)(C)CC1=CC=C(C=C1)Br.[Br-],True,No GHS data available,100,100
22451,C[N+](C)(C)CCC1=CC=CC=C1.[Br-],True,No GHS data available,100,100
16470,C[N+](C)(C)CCCC1=CC=CC=C1.[I-],True,No GHS data available,100,100
135624038,C[N+](=C(N)N=C(N)N)CC1=CC=CC=C1.[Cl-],True,No GHS data available,100,100
71443268,CCCCCC[N+](C)(C)CC1=CC=CC=C1.[Br-],True,No GHS data available,100,100
71442174,CC[N+](C)(CC)CC1=CC=CC=C1.[Cl-],True,No GHS data available,100,100
71430303,CC[N+](C)(CC)CC1=CC=CC=C1.[Br-],True,No GHS data available,100,100
71406775,CCCCCCCCCC[N+](C)(CCCCCCCC)CC1=CC=CC=C1.[Cl-],True,No GHS data available,100,100
71404243,CCCCCCCCCCCC[N+](C)(C)CC1=CC=CC=C1.[I-],True,No GHS data available,100,100
71402097,CCCCCCCCC[N+](C)(C)CC1=CC=CC=C1.[Br-],True,No GHS data available,100,100
71362915,CC[N+](CC)(CC1=CC=CC=C1)CC2=CC=CC=C2.[Br-],True,No GHS data available,100,100
71337508,CCCCCCCC[N+](C)(C)CC1=CC=CC=C1.[I-],True,No GHS data available,100,100
53422584,CCCCCCCCCCCCC(C)[N+](C)(C)CC1=CC=CC=C1.[Cl-],True,No GHS data available,100,100
45050597,CC1=CC(=C(C=C1C)C[N+](C)(C)C)C.[Br-],True,"['H315', 'H319', 'H335']",70,0
44281981,C[N+](C)(C)C1(CCCCC1)C2=CC=CC=C2.[I-],True,No GHS data available,100,100
44154644,CCCCCCCCCCCC[N+](C)(C)CC1=C(C=C(C(=C1)C)C)C.[Cl-],True,No GHS data available,100,100
44154298,C[N+](C)(CCCCCCCCCCCCCCCCCCC1=CC=CC=C1)CCCCCCCCCCCCCCCCCCC2=CC=CC=C2.[Cl-],True,No GHS data available,100,100
24187147,C[N+]1(CC2=CC=CC=C2C1)C.[Br-],True,No GHS data available,100,100
23214483,CCCCCCCCCCCCCCCCCC[N+](C)(C)CC1=CC=CC=C1.[I-],True,No GHS data available,100,100
22472341,C1=CC=C(C=C1)C[N+](CCO)(CCO)CCO.[Br-],True,No GHS data available,100,100
22336061,CCCCCCCC[N+](CCCCCCCC)(CCCCCCCC)CC1=CC=CC=C1.[Br-],True,No GHS data available,100,100
22001033,C1=CC=C(C=C1)C[N+](CC2=CC=CC=C2)(CC3=CC=CC=C3)CC4=CC=CC=C4.[Br-],True,No GHS data available,100,100
21902303,CC[N+](CC)(CC)CC1=CC=C(C=C1)C=C.[Cl-],True,No GHS data available,100,100
21652860,CCCCCCCCCCCCC(C)(C1=CC=CC=C1)[N+](C)(C)C.[Cl-],True,No GHS data available,100,100
21424302,CCCCCCCCCCCCCCCCCC(C1=CC=CC=C1)[N+](C)(C)C.[Cl-],True,No GHS data available,100,100
20437288,CCCCCC[N+](CCCCCC)(CCCCCC)CC1=CC=CC=C1.[Br-],True,No GHS data available,100,100
20435510,C1CC[N+](CC1)(CCO)CC2=CC=CC=C2.[Cl-],True,No GHS data available,100,100
20226206,C[N+](C)(CC1CO1)CC2=CC=CC=C2.[Cl-],True,No GHS data available,100,100
20164313,C[N+](C)(C)CCC1=CC=CC=C1.[Cl-],True,No GHS data available,100,100
20096296,CCCCCCCCCCCCC1=CC(=C(C=C1)C[N+](C)(C)C)C.[Cl-],True,No GHS data available,100,100
19963536,CCCCCCCCCCCCCCCCCC[N+](C)(C)C(CC)C1=CC=CC=C1.[Cl-],True,No GHS data available,100,100
19429992,CCCC[N+](CCCC)(CCCC)CC1=CC=C(C=C1)C.[Cl-],True,No GHS data available,100,100
18617903,C[N+]1(CCCCC1)CC2=CC=CC=C2.[Cl-],True,No GHS data available,100,100
18472229,C[N+]1(CCCCC1)CC2=CC=CC=C2.[I-],True,No GHS data available,100,100
16212312,CC[N+](CC)(CC)CC1=CC=CC=C1.O.[Cl-],True,"['H315', 'H319', 'H335']",70,0
15745135,CCCCCC[N+](CCCCCC)(CCCCCC)CC1=CC=CC=C1.[Cl-],True,No GHS data available,100,100
15636468,CCCCCCCCCCCCCCCC[N+](C)(C)CC1=CC=CC=C1.[I-],True,No GHS data available,100,100
15272485,C[N+](C)(CC1=CC=CC=C1)N.[Cl-],True,No GHS data available,100,100
14150347,C[N+](C)(C)C(C=C)C1=CC=CC=C1.[Cl-],True,No GHS data available,100,100
14068065,C[N+](CCO)(CCO)CC1=CC=CC=C1.[Cl-],True,No GHS data available,100,100
14008817,C[N+](C)(C)CC1=CC=CC2=CC=CC=C21.[Cl-],True,No GHS data available,100,100
13961958,CC[N+](CC)(CC)CC1=CC(=CC=C1)C(F)(F)F.[Cl-],True,No GHS data available,100,100
13879754,CCCCCCCCCCCCCCCCCC[N+](C)(CCCCCCCCCCCCCCCCCC)CC1=CC=CC=C1.[Cl-],True,No GHS data available,100,100
13879752,CCCCCCCCCCCCCCCC[N+](C)(CCCCCCCCCCCCCCCC)CC1=CC=CC=C1.[Cl-],True,No GHS data available,100,100
13813470,C[N+](C)(C)CC1=CC=CC=C1.[Br-].[Br-].[Br-],True,"['H315', 'H319', 'H335']",70,0
13374112,C[N+](C)(C)CC1=CC=CC=C1C2=CC=CC=C2.[I-],True,No GHS data available,100,100
13269148,CCCC[N+](CCCC)(CCCC)CC1=CC=C(C=C1)C(F)(F)F.[Cl-],True,No GHS data available,100,100
11856793,C[N+](C)(C)CC1=CC(=CC=C1)N.[Cl-],True,No GHS data available,100,100
11528866,CC1=CC=C(C=C1)C[N+](C)(C)C.[Br-],True,No GHS data available,100,100
10111329,CCCCCCCCCCCCC(C1=CC=CC=C1)[N+](CC)(CC)CC.[Cl-],True,No GHS data available,100,100
9967810,CC[N+](CCCl)(CCCl)CC1=CC=CC=C1.[Br-],True,No GHS data available,100,100
9879704,CCCCCCCC[N+](C)(C)CC1=CC=C(C=C1)C=C.[Cl-],True,No GHS data available,100,100
6454475,C[N+](C)(CC1=CC=CC=C1)CC2=CC=CC=C2C=C.C=CC1=CC=CC=C1.C=CC1=CC=CC=C1C=C.[Cl-],True,No GHS data available,100,100
3086578,CCC1=CC=CC=C1CCC(C)C2=CC=C(C=C2)C[N+](C)(C)C.[Cl-],True,No GHS data available,100,100
3078748,CC1=CC(=C(C=C1C[N+](C)(C)C)C)C[N+](C)(C)C.[Cl-].[Cl-],True,No GHS data available,100,100
3065825,C[N+]1(CCN(CC1)N=O)CC2=CC=CC=C2.[Cl-],True,No GHS data available,100,100
3063274,C[N+]1(CCCCC1)CCN(CC2=CC=CC=C2)CC3=CC=CC=C3.[Br-],True,No GHS data available,100,100
3063148,C[N+]1(CCCCC1)CCN(CC2=CC=CC=C2)C3CCCCC3.[Br-],True,No GHS data available,100,100
3057401,C[N+]1(CCN(CC1)C2(CCCCC2)C3=CC=CC=C3)C.[I-],True,No GHS data available,100,100
3050662,C1=CC=C(C=C1)C[N+](CCCl)(CC2=CC=CC=C2)O.[Cl-],True,No GHS data available,100,100
3034699,CCCCCCCC[N+](CC1=CC=CC=C1)(CC(C)O)CC(C)O.[Cl-],True,No GHS data available,100,100
3019887,CCCCCCCCCCCCC1=CC=C(C=C1)C[N+](C)(C)CCO.[Cl-],True,No GHS data available,100,100
209923,C[N+](C)(C)CCC(C1=CC=CC=C1)C2=CC=CC=C2.[I-],True,No GHS data available,100,100
121769,CCCCCCCCCCCCCCC(C)[N+](C)(C)CC1=CC=CC=C1.[Cl-],True,No GHS data available,100,100
111553,CC[N+](CC)(CCOCCC#N)CC1=CC=CC=C1.[Cl-],True,No GHS data available,100,100
92307,CCCCCCCCC=CCCCCCCCC[N+](C)(C)CC1=CC=CC=C1.[Cl-],True,No GHS data available,100,100
91922,CCCCCCCCCCCCCC[N+](CCO)(CCO)CC1=CC=CC=C1.[Cl-],True,No GHS data available,100,100
89110,CC1=CC(=CC=C1)C[N+](C)(C)C.[Br-],True,No GHS data available,100,100
58760,CCC[N+](CCC)(CCC)CC1=CC=C(C=C1)C[N+](CCC)(CCC)CCC.[Br-].[Br-],True,No GHS data available,100,100
58758,CCCC[N+](CCCC)(CCCC)CC1=CC=C(C=C1)C[N+](CCCC)(CCCC)CCCC.[Br-].[Br-],True,No GHS data available,100,100
55800,CCCCCCCCCCCC[N+](CC)(CC)CC1=CC=C(C=C1)C[N+](CC)(CC)CCCCCCCCCCCC.[Br-].[Br-],True,No GHS data available,100,100
52136,C[N+](C)(C)CC1=CC=CC=C1Br.[Br-],True,No GHS data available,100,100
51300,C[N+](C)(C)CC1=CC(=CC=C1)Br.[Br-],True,No GHS data available,100,100
50459,CC(C[N+](C)(C)C)C1=CC=CC=C1.[I-],True,No GHS data available,100,100
37781,CCCCCCCCCCCCCCCCCCCC[N+](C)(C)CC1=CC=CC=C1.[Cl-],True,No GHS data available,100,100
30954,C[N+](C)(CCCCCCCCCC[N+](C)(C)CC1=CC=CC=C1)CC2=CC=CC=C2.[Br-].[Br-],True,No GHS data available,100,100
29480,C[N+](C)(CC1=CC=CC=C1)C2(CCCCC2)CC3=CC=CC=C3.[Br-],True,No GHS data available,100,100
25789,C[N+](C)(CCCCCC[N+](C)(C)CC1=CC=CC=C1)CC2=CC=CC=C2.[Br-].[Br-],True,No GHS data available,100,100
6285,CC[N+](CC)(CC)CC.[Br-],True,"['H302', 'H315', 'H319', 'H335']",120,0
82326,CC[N+](C)(CC)CC.[Cl-],True,"['H315', 'H319', 'H335']",70,0
6225,CC[N+](CC)(CC)CC.[I-],True,"['H315', 'H319', 'H335']",70,0
22025857,CC[N+](C)(C)CC.[Cl-],True,No GHS data available,100,100
199516,CC[N+](C)(C)CC.[I-],True,No GHS data available,100,100
69582,CC[N+](CC)(CC)CC.[F-],True,"['H302', 'H312', 'H315', 'H319', 'H332', 'H335']",220,0
16211205,CC[N+](CC)(CC)CC.O.[Cl-],True,"['H302', 'H315', 'H319', 'H335']",120,0
11790998,CC[N+](CC)(CC)CC.F.F.F.F.[F-],True,"['H290', 'H300', 'H310', 'H314', 'H318', 'H330']",350,0
11085061,CC[N+](CC)(CC)CC.F.F.F.[F-],True,"['H290', 'H300', 'H310', 'H314', 'H318', 'H330']",350,0
3083778,CC[N+](C)(CC)CC.[Br-],True,"['H315', 'H319', 'H335']",70,0
70439,CC[N+](C)(CC)CC.[I-],True,No GHS data available,100,100
33992,CC[N+](C)(C)C.[Cl-],True,No GHS data available,100,100
16211652,CC[N+](CC)(CC)CC.O.[F-],True,"['H302', 'H312', 'H315', 'H319', 'H332', 'H335']",220,0
15920409,CC[N+](C)(C)CC.[Br-],True,No GHS data available,100,100
13107532,CC[N+](CC)(CC)COC.[Cl-],True,No GHS data available,100,100
22382059,CC(C)[N+](C)(C(C)C)C(C)C.[Cl-],True,No GHS data available,100,100
13552188,CC[N+](CC)(CC)CCl.[Cl-],True,No GHS data available,100,100
9887,CC[N+](CC)(CC)CCF.[Br-],True,No GHS data available,100,100
73346202,CC[N+](CC)(CC)CC.[Br-],True,No GHS data available,100,100
55212071,CC[N+](C)(C)C.Cl.[Cl-],True,No GHS data available,100,100
138039737,CC[N+](CC)(CC)CCl.[I-],True,No GHS data available,100,100
20749,CC[N+]1(CCC(=C(C2=CC=CC=C2)C3=CC=CC=C3)C1C)CC.[Br-],True,['H302'],50,0
71820,CC[N+](C)(C)C(C)CC(C1=CC=CC=C1)C2=CC=CC=C2.[Br-],True,No GHS data available,100,100
13182483,C[N+](C)(CC#CC1=CC=CC=C1)CC#CC2=CC=CC=C2.[Br-],True,No GHS data available,100,100
6454543,C[N+](C)(CCO)CC1=CC=CC=C1C=C.C=CC1=CC=CC=C1C=C.[Cl-],True,"['H315', 'H319']",20,0
6452152,C1CCC2=[N+](CC1)CCCN2CC3=CC=CC=C3.[Cl-],True,['H319'],10,0
211428,CC(CC1=CC=CC=C1)N2CC[N+](CC2)(CC3=CC=CC=C3)C(C)CC4=CC=CC=C4.[Br-],True,No GHS data available,100,100
22442013,CC1=CC=C(C=C1)C[N+](C)(C)C2=CC=CC=C2.[Cl-],True,No GHS data available,100,100
16682358,CC1=CC=C(C=C1)C#CC[N+]2(CCCCC2)C.[Br-],True,No GHS data available,100,100
16682356,CC[N+](CC)(CC#CC1=CC=CC=C1)CC#CC2=CC=CC=C2.[Br-],True,No GHS data available,100,100
16682354,CC[N+](CC)(CC#C)CC#CC1=CC=CC=C1.[Br-],True,No GHS data available,100,100
12005584,CC1=CC=C(C=C1)C#CC[N+]2(CCCCC2)CC#C.[Br-],True,No GHS data available,100,100
3056444,C[N+]1(CCC(CC1)(C#N)C2=CC=CC=C2)CC3=CC=CC=C3.[I-],True,No GHS data available,100,100
216731,C[N+]1(CCN(CC1)CC2=CC=CC=C2CC3=CC=CC=C3)C.[I-],True,No GHS data available,100,100
210763,CC(C)(C)C1CCC(CC1)(C2=CC=CC=C2)[N+]3(CCCCC3)C.[I-],True,No GHS data available,100,100
58756,C[N+](C)(CCO)CC1=CC=C(C=C1)C[N+](C)(C)CCO.[Br-].[Br-],True,No GHS data available,100,100
58754,CCC[N+](CC)(CCO)CC1=CC=C(C=C1)C[N+](CC)(CCC)CCO.[Br-].[Br-],True,No GHS data available,100,100
58752,CC[N+](CC)(CCO)CC1=CC=C(C=C1)C[N+](CC)(CC)CCO.[Br-].[Br-],True,No GHS data available,100,100
7605,CCCCCCCCCCCC[N+](C)(C)CC1=CC(=C(C=C1)Cl)Cl.[Cl-],True,No GHS data available,100,100
64681,CCCCCCCCCCCCCC[N+](C)(C)CC1=CC(=C(C=C1)Cl)Cl.[Cl-],True,No GHS data available,100,100
13670512,CCCCCCCCCCCC[N+](C)(C)CC1=C(C(=CC=C1)Cl)Cl.[Cl-],True,No GHS data available,100,100
211430,CC(CC1=CC=CC=C1)N2CC[N+](CC2)(CC=C)C(C)CC3=CC=CC=C3.[Br-],True,No GHS data available,100,100
210239,C[N+]1(CCC(CC1)CC2=CC=CC=C2)CCC[N+](C)(C)C.[Br-].[Br-],True,No GHS data available,100,100
120414,C[N+]1(CC[N+](CC1)(C)CC2=CC=CC=C2)CCCCCC[N+]3(CC[N+](CC3)(C)CC4=CC=CC=C4)C.[I-].[I-].[I-].[I-],True,No GHS data available,100,100
112264,CC[N+]1(CCCC1)C.[Br-],True,['H341'],50,0
11009532,CCCC[N+]1(CCCC1)C.[Br-],True,"['H302', 'H319']",60,0
10825627,CCCCCC[N+](CC)(CC)CC.[Br-],True,"['H315', 'H319', 'H335']",70,0
10059492,CCCCCC[N+](C)(C)C.[Br-],True,"['H315', 'H319', 'H335']",70,0
75854,CCCC[N+](C)(C)C.[Br-],True,"['H315', 'H319']",20,0
75853,CCC[N+](C)(C)C.[Br-],True,"['H315', 'H319']",20,0
16719897,CCC[N+]1(CCCC1)C.[Br-],True,No GHS data available,100,100
13552200,CC[N+](CC)(CC)CCCBr.[Br-],True,"['H315', 'H319', 'H335']",70,0
29384,CCC[N+](C)(C)C.[I-],True,No GHS data available,100,100
15919122,CCCCC[N+](CC)(CC)CC.[Br-],True,No GHS data available,100,100
158451,CCC[N+](C)(C)CC.[Br-],True,"['H315', 'H319', 'H335']",70,0
122438,CC[N+]1(CCCC1)CC.[Br-],True,No GHS data available,100,100
25990,C[N+](C)(C)CCC[N+](C)(C)C.[Br-].[Br-],True,No GHS data available,100,100
71398585,CCCCCC[N+](CCC)(CCC)CCC.[Br-],True,No GHS data available,100,100
71338229,CC(C)[N+](C)(C)C(C)C.[I-],True,No GHS data available,100,100
20253187,CC(C)[N+](C(C)C)(C(C)C)C(C)C.[I-],True,No GHS data available,100,100
14324089,CN(C)CCC[N+](C)(C)C.[Cl-],True,No GHS data available,100,100
12385900,CC[N+](CC)(CC)CC#C.[Br-],True,No GHS data available,100,100
11737351,CN(C)CCC[N+](C)(C)C.[I-],True,No GHS data available,100,100
11149781,CCCCC[N+](C)(C)CCCCC.[Br-],True,No GHS data available,100,100
71415862,CCCCC[N+](C)(C)CCCCC.[I-],True,No GHS data available,100,100
71358220,CCCCC[N+](CC)(CC)CC.[I-],True,No GHS data available,100,100
71342010,CCCC[N+](CCCC)(CCCC)CBr.[Br-],True,No GHS data available,100,100
361624,C[N+](CC#C)(CC#C)CC#C.[Br-],True,No GHS data available,100,100
71752691,CCCC[N+](CCCC)(CCCC)CCBr.[Br-],True,No GHS data available,100,100
71401733,CCC(C)[N+](C)(C)C(C)CC.[I-],True,No GHS data available,100,100
71329229,CCC[N+](C)(C)CC(C)C.[Br-],True,No GHS data available,100,100
71317890,CCC#CCC[N+](C)(C)C.[Br-],True,No GHS data available,100,100
71317888,CCCC#CC[N+](C)(C)C.[Br-],True,No GHS data available,100,100
52991919,CCC[N+](CCC)(CCC)CCC.O.[F-],True,No GHS data available,100,100
15919128,CC(C)C[N+](C)(C)C.[Br-],True,No GHS data available,100,100
12446312,CC(C)C[N+](C)(C)CC(C)C.[I-],True,No GHS data available,100,100
2791629,CCC[N+](C)(C)CC[N+](C)(C)CCC.[Br-].[Br-],True,No GHS data available,100,100
121605824,CCCC[N+](C)(C)C.[Br-],True,No GHS data available,100,100
11789802,CCCCCC[N+](C)(C)C.[Cl-],True,No GHS data available,100,100
18629824,CCCCCCC[N+](CC)(CC)CC.[Cl-],True,No GHS data available,100,100
6453422,C[N+](C)(C)CCC[N+](C)(C)C.[Cl-].[Cl-],True,No GHS data available,100,100
71447141,CCC(C)[N+](C)(C)C.[Cl-],True,No GHS data available,100,100
71386866,CCC(C)[N+](=C)C(C)CC.[Cl-],True,No GHS data available,100,100
10921,C[N+](C)(C)CCCCCCCCCC[N+](C)(C)C.[Br-].[Br-],True,"['H301', 'H315', 'H319', 'H335']",145,0
5974,CCCCCCCCCCCCCCCC[N+](C)(C)C.[Br-],True,"['H302', 'H315', 'H318', 'H335', 'H373', 'H400', 'H312', 'H314', 'H319', 'H341', 'H361', 'H370']",420,100
31280,CCCCCCCCCCCCCCCC[N+](C)(C)CC.[Br-],True,"['H302', 'H315', 'H319']",70,0
14250,CCCCCCCCCCCCCC[N+](C)(C)C.[Br-],True,"['H302', 'H314', 'H315', 'H318', 'H335', 'H373', 'H400', 'H312', 'H332']",310,100
8152,CCCCCCCCCCCC[N+](C)(C)C.[Cl-],True,"['H302', 'H314', 'H315', 'H318', 'H319', 'H335', 'H400', 'H410', 'H411', 'H312']",220,275
16388,CCCCCCCCCC[N+](C)(C)C.[Br-],True,"['H315', 'H319', 'H335']",70,0
14249,CCCCCCCCCCCC[N+](C)(C)C.[Br-],True,"['H301', 'H302', 'H315', 'H317', 'H319', 'H335', 'H400', 'H410', 'H312', 'H314']",295,200
2734117,CCCCCCCC[N+](CCCCCCCC)(CCCCCCCC)CCCCCCCC.[Br-],True,"['H315', 'H319', 'H335']",70,0
18669,CCCCCCCCCCCC[N+](C)(C)CCCCCCCCCCCC.[Br-],True,"['H315', 'H319', 'H335']",70,0
16957,CCCCCCCCCC[N+](C)(C)CCCCCCCCCC.[Br-],True,"['H315', 'H319', 'H335']",70,0
9880197,CCCCCCCCCCCC[N+](C)(C)CC.[Br-],True,"['H315', 'H319', 'H335']",70,0
83337,CCCCCCCCCCCCCCCC[N+](CC)(CC)CC.[Br-],True,No GHS data available,100,100
74964,CCCCCCCC[N+](C)(C)C.[Br-],True,"['H315', 'H319', 'H335']",70,0
74750,CCCCCCCCC[N+](C)(C)C.[Br-],True,"['H315', 'H319']",20,0
70708,CCCCCCCCCCCCCCCCCC[N+](C)(C)C.[Br-],True,"['H315', 'H319', 'H335']",70,0
28939,CCCCCCCCCCCC[N+](CC)(CC)CC.[Br-],True,No GHS data available,100,100
21932302,CCCCCCCCCCCCCC[N+](C)(C)C.[I-],True,No GHS data available,100,100
10765288,CCCCCCCCCCCCCCCCCC[N+](CC)(CC)CC.[Br-],True,No GHS data available,100,100
10408219,CCCCCCCCCCCC[N+](CCC)(CCC)CCC.[Br-],True,No GHS data available,100,100
77293,CCCCCCCCCCCCCCCCCC[N+](C)(C)CCCCCCCCCCCCCCCCCC.[Br-],True,"['H315', 'H319', 'H335']",70,0
74014,C[N+](C)(C)CCCCCCCCCC[N+](C)(C)C.[I-].[I-],True,['H301'],75,0
28910,CCCCCCCCCCCCCC[N+](CC)(CC)CC.[Br-],True,No GHS data available,100,100
44345296,CCCCCCCCCCC[N+](C)(C)C.[Br-],True,No GHS data available,100,100
12416670,CCCCCCCCCCCC[N+](C)(C)CCCCCC[N+](C)(C)CCCCCCCCCCCC.[Br-].[Br-],True,No GHS data available,100,100
10806635,CCCCCCCCCCCC[N+]1(CCCC1)C.[Br-],True,No GHS data available,100,100
3082132,CCCCCCCCCCCC[N+](C)(C)CC[N+](C)(C)CCCCCCCCCCCC.[Br-].[Br-],True,No GHS data available,100,100
3017419,CCCCCCCCCCCCCCCCCC[N+](CCCCCCCCCCCCCCCCCC)(CCCCCCCCCCCCCCCCCC)CCCCCCCCCCCCCCCCCC.[Br-],True,"['H315', 'H319', 'H335']",70,0
3014876,CCCCCCCCCC[N+](CCCCCCCCCC)(CCCCCCCCCC)CCCCCCCCCC.[Br-],True,"['H315', 'H319']",20,0
3014871,CCCCCCCCCCCC[N+](CCCCCCCCCCCC)(CCCCCCCCCCCC)CCCCCCCCCCCC.[Br-],True,"['H315', 'H319', 'H335']",70,0
24951,CCCCCCCCCC[N+](C)(C)C.[Cl-],True,"['H315', 'H319']",20,0
44630344,CCCCCCCC[N+](C)(C)CCCCCC.[Br-],True,"['H315', 'H319']",20,0
16218603,CCCCCCCCCC[N+](C)(CCCCCCCCCC)CCCCCCCCCC.CCCCCCCCC[N+](C)(CCCCCCCCC)CCCCCCCCC.CCCCCCCC[N+](C)(CCCCCCCC)CCCCCCCC.[Cl-].[Cl-].[Cl-],True,"['H302', 'H314']",75,0
13743279,CCCCCCCCCCCC[N+](CCCCCCC)(CCCCCCC)CCCCCCC.[I-],True,"['H315', 'H319', 'H335']",70,0
12073128,CCCCCCCCCCCCCCCC[N+](CCCCCCCCCCCCCCCC)(CCCCCCCCCCCCCCCC)CCCCCCCCCCCCCCCC.[Br-],True,"['H315', 'H319', 'H335']",70,0
11744265,C[N+](C)(C)CCCCCCCCCCCC[N+](C)(C)C.[Br-].[Br-],True,No GHS data available,100,100
11503288,CCCCCCCC[N+](C)(CCCCCCCC)CCCCCCCC.[Br-],True,"['H315', 'H319', 'H335']",70,0
11180877,CCCCCCCC[N+](CCCCCCCC)(CCCCCCCC)CCCCCCCC.[I-],True,"['H315', 'H319']",20,0
10697513,CC[N+](CC)(CC)CCCCCCCCCCCC[N+](CC)(CC)CC.[Br-].[Br-],True,No GHS data available,100,100
10174260,CCCCCCCC[N+](CCCCCCCC)(CCCCCCCC)CCCCCCCC.[F-],True,['H301'],75,0
9884975,CCCCCCCCCCCC[N+](C)(C)C.[I-],True,No GHS data available,100,100
9808235,CCCCCCCCCCCCCCCC[N+](C)(C)CCCCCCCCCCCCCCCC.[Br-],True,"['H315', 'H319', 'H335']",70,0
3084004,CCCCCCCCCCCCCCCC[N+](C)(C)C.[I-],True,No GHS data available,100,100
3017829,CCCCCCCCCCCCCC[N+](C)(C)CCCCCCCCCCCCCC.[Br-],True,"['H315', 'H319', 'H335']",70,0
3015796,CCCCCCCC[N+](C)(CCCCCCCC)CCCCCCCC.[I-],True,"['H315', 'H319', 'H335', 'H360']",120,0
110473,CCCCCCCCCCCCCC[N+](C)(C)CC.[Br-],True,No GHS data available,100,100
90449,CCCCCCCC[N+](CCC)(CCCCCCCC)CCCCCCCC.[Br-],True,No GHS data available,100,100
81520,CC[N+](CC)(CC)CCCCCC[N+](CC)(CC)CC.[Br-].[Br-],True,No GHS data available,100,100
76408,CCCCCCCC[N+](C)(C)CCCCCCCC.[Br-],True,"['H315', 'H319']",20,0
42852,CCCCCCCCC[N+](C)(C)C.[Cl-],True,No GHS data available,100,100
42071,C[N+](C)(C)CCCCCCC[N+](C)(C)C.[Br-].[Br-],True,No GHS data available,100,100
37619,CCCCCCCCC[N+](C)(C)C.[I-],True,No GHS data available,100,100
34061,CCCCCCCCCCCC[N+](C)(C)CCCCCC[N+](C)(C)CCCCCCCCCCCC.[I-].[I-],True,"['H315', 'H319', 'H335']",70,0
26591,CCCCCCCC[N+](C)(C)C.[I-],True,No GHS data available,100,100
24949,CCCCCCCC[N+](C)(C)C.[Cl-],True,"['H315', 'H319', 'H335']",70,0
23767,CCCCCCCCCCCCCCCCCCCC[N+](C)(C)C.[Br-],True,No GHS data available,100,100
71365273,CCCCCCCCCCCC[N+](CC)(CCCCCCCCCCCC)CCCCCCCCCCCC.[Br-],True,No GHS data available,100,100
71360368,CCCCCCCC[N+](CCCC)(CCCC)CCCC.[I-],True,No GHS data available,100,100
71331218,CCCCCCCCCCCCCCCC[N+](C)(C)CCCC.[Br-],True,No GHS data available,100,100
44612812,CCCCCCCCCCCCCCCC[N+](C)(CCCC)CCCC.[Br-],True,No GHS data available,100,100
44365157,CCCCCCCCCCCC[N+](C)(C)CCC[N+](C)(C)CCCCCCCCCCCC.[Br-].[Br-],True,No GHS data available,100,100
23440613,CC(C)CCCCCCCCCCCCCCC[N+](C)(C)CCCCCCCCCCCCCCCC(C)C.[Cl-],True,No GHS data available,100,100
22348532,CCCCCCCCCCCCCCCCCC[N+](C)(C)CC.[Br-],True,No GHS data available,100,100
21951230,CCCCCCCC[N+](CC)(CC)CC.[Br-],True,No GHS data available,100,100
20435512,CCCCCCCCCCCCCCCC[N+](CCC)(CCC)CCC.[Br-],True,No GHS data available,100,100
19377312,CCCCCCCCCCCC[N+](C)(C)CCCC.[Br-],True,No GHS data available,100,100
18466277,CCCCCCCCCCCCCCCC[N+](CC)(CC)CC.[I-],True,No GHS data available,100,100
16682267,CCCCCCCCCC[N+](C)(C)CC#CC.[Br-],True,No GHS data available,100,100
16682234,CCCCCCCC[N+](C)(C)CC#CC.[Br-],True,No GHS data available,100,100
16218410,CCCCCCCCCCCCCCCCCC[N+](C)(CCCCCCCCCCCCCCCCCC)CCCCCCCCCCCCCCCCCC.[Br-],True,No GHS data available,100,100
16212397,CCCCCCCCCCCC[N+](C)(CCCCCCCCCCCC)CCCCCCCCCCCC.[I-],True,No GHS data available,100,100
15066124,CCCCCCCCCCCC[N+](C)(CCCCCCCCCCCC)CCCCCCCCCCCC.[Br-],True,No GHS data available,100,100
14625447,CCCCCCCCCC[N+](C)(C)CCN(C)C.[Br-],True,No GHS data available,100,100
14619958,CCCCCCCCCCCCCCCCCC[N+](C)(C)CCCCCCCCCCCCCCCCCC.[I-],True,"['H315', 'H319']",20,0
14611710,CCCCCCCCCCCCCCC[N+](C)(C)C.[Br-],True,No GHS data available,100,100
14178972,CCCCCCCCCCCC[N+](CCCCCCCC)(CCCCCCCC)CCCCCCCC.[I-],True,No GHS data available,100,100
13751574,CCCCCCCCCCCCCCC[N+](CC)(CC)CC.[Br-],True,No GHS data available,100,100
11602226,CCCCCCCCCC[N+](CC)(CC)CC.[Br-],True,No GHS data available,100,100
11552684,CC[N+](CC)(CC)CCCCCCCCCCCCS.[Br-],True,No GHS data available,100,100
11498165,CCC[N+](CCC)(CCC)CCCCCCCCCCCC[N+](CCC)(CCC)CCC.[Br-].[Br-],True,No GHS data available,100,100
11420451,CCCCCCCCCCCCCCCC[N+](CCCC)(CCCC)CCCC.[Br-],True,No GHS data available,100,100
10381769,CCCCCCCCCC[N+](C)(C)C.[I-],True,No GHS data available,100,100
10236534,CCCCCCCCCCCCCCCC[N+](C)(C)C.[F-],True,No GHS data available,100,100
10216960,CCCCCCCCCCCCCCCCCCCCCC[N+](C)(C)C.[Br-],True,No GHS data available,100,100
10045219,CCCCCCCCCCCCCCCCC[N+](C)(C)C.[Br-],True,"['H315', 'H319']",20,0
9846040,CCCCCCCCCCCCCCCCCC[N+](C)(C)C.[I-],True,No GHS data available,100,100
3082135,CCCCCCCCCC[N+](C)(C)CCCCCC[N+](C)(C)CCCCCCCCCC.[Br-].[Br-],True,No GHS data available,100,100
3044494,CCCCCCCCCCC[N+]1(CCCCC1)CC.[Br-],True,No GHS data available,100,100
3043996,CCCCCCCCCCCCCCCCCC[N+]1(CCCCC1)CC.[Br-],True,No GHS data available,100,100
3043995,CCCCCCCCCCCCCCC[N+]1(CCCCC1)CC.[Br-],True,No GHS data available,100,100
3043994,CCCCCCCCCCCCCC[N+]1(CCCCC1)CC.[Br-],True,No GHS data available,100,100
3043993,CCCCCCCCCCCC[N+]1(CCCCC1)CC.[Br-],True,No GHS data available,100,100
211631,CCCCCCCCCC[N+]1(CCCCC1)CC.[Br-],True,No GHS data available,100,100
189194,CCCCCCCCCCCC[N+]1(CCCCC1)C.[Br-],True,No GHS data available,100,100
112293,CCCC[N+](CCCC)(CCCC)CCCCCC[N+](CCCC)(CCCC)CCCC.[Br-].[Br-],True,No GHS data available,100,100
52138,CCCCCCCCCC[N+](C)(C)CCBr.[Br-],True,No GHS data available,100,100
34821,CCCCCCCC[N+](C)(C)CCCCCC[N+](C)(C)CCCCCCCC.[I-].[I-],True,No GHS data available,100,100
23614,CCCCCCCCCCCC[N+](C)(C)CCCCCC[N+](C)(C)CCCCCCCCCCCC.[Cl-].[Cl-],True,No GHS data available,100,100
137530489,CCCCCCC[N+](C)(C)CCC[N+](C)(C)C.[Br-].[Br-],True,No GHS data available,100,100
71444835,CCCCCCCCCCCC[N+](CC)(CCCCCCCCCCCC)CCCCCCCCCCCC.[I-],True,No GHS data available,100,100
71398582,CCCCCCCCCCCC[N+](CCCCCCCC)(CCCCCCCC)CCCCCCCC.[Br-],True,No GHS data available,100,100
71394674,CCCCCCCCCCCCCCCCCC[N+]1(CCCCC1)CCCCCCCCCCCCCCCCCC.[Cl-],True,No GHS data available,100,100
71381485,CCCCCCCCCCCCCCCCCC[N+](C)(C)CCCCCCCCCCCCCC.[Br-],True,No GHS data available,100,100
71362035,CCCCCCCCCCC[N+](CC)(CC)CC.[Br-],True,No GHS data available,100,100
71362012,CCCCCCCCCCCC[N+](C)(C)CCCCCCCCC.[Br-],True,No GHS data available,100,100
71360872,CCCCCCCCCCCCCCCCCC[N+](C)(C)CCCCCCCCCCCC.[Br-],True,No GHS data available,100,100
71356044,CCCCCCCCCCCC[N+](C)(C)CCC.[Br-],True,No GHS data available,100,100
71351705,CCCCCCCCCCCC[N+]1(CCCCC1)C.[Cl-],True,No GHS data available,100,100
71341114,CCCCCCCCCCCCCCC(C)[N+](C)(C)C(C)CCCCCCCCCCCCCC.[Cl-],True,No GHS data available,100,100
71341027,CCCCCCCCCCCCCC[N+](C)(C)CCCCCCCCCCCCCC.[I-],True,No GHS data available,100,100
71321510,CCCCCCCC[N+](CC)(CCCCCCCC)CCCCCCCC.[I-],True,No GHS data available,100,100
67866458,CCCCCCCCCCCC[N+](C)(C)C1CCCCC1.[Cl-],True,No GHS data available,100,100
57465928,CCCCCCCCCCCC[N+](C)(C)CCCCCCCCCCCC.[I-],True,No GHS data available,100,100
57350524,CCCCCCCCCCCCCCCC[N+](C)(C)C.CCCCCCCCCCCCCCCC[N+](C)(C)C.CCCCCCCCCCCCCCCC[N+](C)(C)C.[Br-].[Br-].[Br-],True,No GHS data available,100,100
53408160,CCCCCCCCCCCCCCCCCCCC[N+](CC)(CC)CC.[Br-],True,No GHS data available,100,100
44147891,CCCCCCCCCCCCCC[N+](C)(C)CCCCCCCCCCCC.[Br-],True,No GHS data available,100,100
23469335,CCCCCCCC[N+](CC)(CC)CCCCCCCC.[Br-],True,No GHS data available,100,100
23457037,CCCCCCCCCC[N+](C)(C)CCCCCCCCCC.[I-],True,No GHS data available,100,100
23154366,C[N+](C)(C)CCCCCCCCCCCC[N+](C)(C)C.[Cl-].[Cl-],True,No GHS data available,100,100
22491755,CCCCCCCC[N+](CCCC)(CCCC)CCCC.[Br-],True,No GHS data available,100,100
22131966,CCCCCCCCCCCCCCCCCC[N+](CCCC)(CCCC)CCCC.[Br-],True,No GHS data available,100,100
22123982,CCCCCCCCCCCCCCCCCCCCCC[N+](C)(C)CCCCCCCCCCCCCCCCCCCCCC.[Br-],True,No GHS data available,100,100
20562866,CCCCCCCCCCCCCCCCCC[N+](C)(C)CCCC.[Br-],True,No GHS data available,100,100
19858509,CCCCCCCCCCCC[N+](CCCC)(CCCC)CCCC.[Br-],True,No GHS data available,100,100
19849307,CCCCCCCC[N+](CCCC)(CCCCCCCC)CCCCCCCC.[Br-],True,No GHS data available,100,100
19789125,CCCCCCCCCCCCCC[N+](C)(C)CCCCCCCC.[Br-],True,No GHS data available,100,100
16213811,CCCCCCCCCCCCCCCCCC[N+](CCCCCCCCCCCCCCCC)(CCCCCCCCCCCCCCCCCC)CCCCCCCCCCCCCCCCCC.[Br-],True,No GHS data available,100,100
16211186,CCCCCCCCCCCCCC[N+](CCCCCC)(CCCCCC)CCCCCC.[Br-],True,No GHS data available,100,100
15066126,CCCCCCCCCCCCCCCC[N+](C)(CCCCCCCCCCCCCCCC)CCCCCCCCCCCCCCCC.[Br-],True,No GHS data available,100,100
15066121,CCCCCCCCCC[N+](C)(CCCCCCCCCC)CCCCCCCCCC.[Br-],True,No GHS data available,100,100
14475157,CCCCCCCCCCCCCCCC[N+](CCCCCCCC)(CCCCCCCC)CCCCCCCC.[I-],True,No GHS data available,100,100
14436300,CCCCCCCC[N+](C)(CCCCCCCC)CCCCCCCC.[F-],True,No GHS data available,100,100
14402172,CCCCCCCCCCCCCCCCCC[N+](CCCCCCCC)(CCCCCCCC)CCCCCCCC.[I-],True,No GHS data available,100,100
14402162,CCCCCCCCCC[N+](CCCCCCCCCC)(CCCCCCCCCC)CCCCCCCCCC.[I-],True,No GHS data available,100,100
13133361,CCCCCCCCCCCCCCCC[N+](C)(C)CCCC[N+](C)(C)CCCCCCCCCCCCCCCC.[Br-].[Br-],True,No GHS data available,100,100
13075677,CCCCCCCCCCCC[N+](C)(C)CCCCCCCCCC.[Br-],True,No GHS data available,100,100
12958281,CCCCCCCCCC[N+](C)(C)CCCCC[N+](C)(C)CCCCCCCCCC.[Br-].[Br-],True,No GHS data available,100,100
12958279,CCCCCCCCCC[N+](C)(C)CCCC[N+](C)(C)CCCCCCCCCC.[Br-].[Br-],True,No GHS data available,100,100
12416667,CCCCCCCC[N+](C)(C)CCCCCC[N+](C)(C)CCCCCCCC.[Br-].[Br-],True,No GHS data available,100,100
12005722,CCCCCCCCCCCC[N+](C)(C)CC#C.[Br-],True,No GHS data available,100,100
12005717,CCCCCCCCCC[N+](C)(C)CC#C.[Br-],True,No GHS data available,100,100
12005596,CCCCCCCCCCCC[N+](C)(C)CC#CC.[Br-],True,No GHS data available,100,100
12004473,CCCCCCCCC[N+](C)(C)CC#C.[Br-],True,No GHS data available,100,100
10939518,CCCCCCCC[N+](CC)(CCCCCCCC)CCCCCCCC.[Br-],True,No GHS data available,100,100
10905594,CCCCCCCCCCCCCCCCCCC[N+](C)(C)C.[Br-],True,No GHS data available,100,100
10861601,CCCCCCCCCCCC[N+](C)(C)CCCCl.[Br-],True,"['H315', 'H319', 'H335']",70,0
10485970,CCCCCCCCCCCCCCCCCC[N+](C)(CCCCCCCCCCCCCCCCCC)CCCCCCCCCCCCCCCCCC.[I-],True,No GHS data available,100,100
9881377,CCCCCCCCCCCC[N+](C)(C)C.[F-],True,No GHS data available,100,100
3084801,CCCCCCCCCCCC[N+](CCCCCCCCCCCC)(CCCCCCCCCCCC)CCCCCCCCCCCC.[I-],True,No GHS data available,100,100
147682,CCCCCCCCCCCC(C)[N+](C)(C)C.[Br-],True,No GHS data available,100,100
46052,CC[N+](C)(C)CCCCCCC[N+](C)(C)CC.[Br-].[Br-],True,No GHS data available,100,100
45673,C[N+](C)(C)CCCCCCCCCCCCCC[N+](C)(C)C.[Cl-].[Cl-],True,No GHS data available,100,100
29239,CCCC[N+](C)(C)CCCCCC[N+](C)(C)CCCC.[Br-].[Br-],True,No GHS data available,100,100
88652767,CCCCCCCCC[N+](C)(CCCCCCCCC)CCCCCCCCC.[I-],True,No GHS data available,100,100
88651937,CCCCCCCCC[N+](C)(CCCCCCCCC)CCCCCCCCC.[Br-],True,No GHS data available,100,100
87777681,CCCCCCCCCCCCCCCC[N+](C)(C)CCCCCCCCCCCCCCCC.[I-],True,No GHS data available,100,100
87252038,CCCCCCCCCCCCCCCCCC[N+](C)(C)CCCCCCCCCCCCCCCCCC.[F-],True,No GHS data available,100,100
87252019,CCCCCCCCCCCC[N+](C)(CCCCCCCCCCCC)CCCCCCCCCCCC.[F-],True,No GHS data available,100,100
86346251,CCCCCCCCCCCC[N+](C)(C)CCCCC[N+](C)(C)CCCCCCCCCCCC.[Br-].[Br-],True,No GHS data available,100,100
85807925,CCCCCCCC[N+](C)(C)CCCCCCCC.[I-],True,No GHS data available,100,100
71444145,CCCCCCCCC[N+](CCC)(CCC)CCC.[Br-],True,No GHS data available,100,100
71410697,CCCCCCCCCCCCCCCC[N+](C)(C)CCCCCCCCCCC.[Br-],True,No GHS data available,100,100
71398584,CCCCCCCC[N+](CCC)(CCC)CCC.[Br-],True,No GHS data available,100,100
71398583,CCCCCCCC[N+](CCCCCC)(CCCCCCCC)CCCCCCCC.[Br-],True,No GHS data available,100,100
71386284,CCCCCCCC[N+](CCCCCCCC)(CCCCCCCC)CC#CCCCC.[Br-],True,No GHS data available,100,100
71367639,CCCCCCCCCCCCCCCCCC[N+](CCCCCCCCC)(CCCCCCCCC)CCCCCCCCC.[Br-],True,No GHS data available,100,100
71360248,CCCCCCCCCC(CCCCCCCC)[N+](C)(C)C(CCCCCCCC)CCCCCCCCC.[Cl-],True,No GHS data available,100,100
71360092,CCCCCCCCCC[N+]1(CCCCC1)C.[Br-],True,No GHS data available,100,100
71359130,CCCCCCCC[N+](CCCC)(CCCCCCCC)CCCCCCCC.[I-],True,No GHS data available,100,100
71358281,CCCCCCCCCCCCCCCCCCCCCC[N+](CC)(CC)CC.[Br-],True,No GHS data available,100,100
71340229,CCCCCCCCCCCCCCCC[N+](C)(C)CCC.[Br-],True,No GHS data available,100,100
45049614,CCCCCCCCCCCCCC[N+](C)(C)C[N+](C)(C)CCCCCCCCCCCCCC.[Br-].[Br-],True,No GHS data available,100,100
45048301,CCCCCCCCCC[N+](CC)(CC)CCCCCCCCCC.[Br-],True,No GHS data available,100,100
44152607,CC[N+](CC)(CC)CCCCCCCCCC[N+](CC)(CC)CC.[Cl-].[Cl-],True,No GHS data available,100,100
44150848,CCCCCCCC[N+](C)(C)CCCCCCCCCCCC[N+](C)(C)CCCCCCCC.[Br-].[Br-],True,No GHS data available,100,100
44148433,CC[N+](C)(C)CCCCCCCCCCCC[N+](C)(C)CC.[Br-].[Br-],True,No GHS data available,100,100
44147104,CC[N+](C)(C)CCCCCCCCCCCC[N+](C)(C)CC.[Cl-].[Cl-],True,No GHS data available,100,100
22237302,CCCCCCCCCC[N+](C)(C)CCCCCCCCCC.[F-],True,No GHS data available,100,100
21149839,CCCCC(CC)C[N+](C)(CC)CC(CC)CCCC.[Br-],True,No GHS data available,100,100
20401937,CCCCCCCCCC[N+]1(CCCC1)C.[Br-],True,No GHS data available,100,100
19802222,CCCCCCCCCCCC[N+](C)(C)CCCCCCCCCCCC.[F-],True,No GHS data available,100,100
15127562,CCCCCCCCCCCCCC[N+](C)(C)C.[F-],True,No GHS data available,100,100
14402165,CCCCCCCCCCCCCCCCCC[N+](CCCC)(CCCC)CCCC.[I-],True,No GHS data available,100,100
13751972,CCCCCCCCCCCCCCCCCC[N+](CCCCCCCCC)(CCCCCCCCC)CCCCCCCCC.[I-],True,No GHS data available,100,100
12958283,CCCCCCCCCC[N+](C)(C)CCCCCCCC[N+](C)(C)CCCCCCCCCC.[Br-].[Br-],True,No GHS data available,100,100
12005786,CCCCCCCC[N+](C)(C)CC#C.[Br-],True,No GHS data available,100,100
11319696,CCCCCCCCCCCC[N+](C)(C)CCCC[N+](C)(C)CCCCCCCCCCCC.[Br-].[Br-],True,No GHS data available,100,100
3024209,CCCCC(CC)C[N+](CC)(CC(CC)CCCC)CC(CC)CCCC.[Br-],True,No GHS data available,100,100
6209,C[N+](C)(C)CCO.[Cl-],True,"['H315', 'H319', 'H335']",70,0
74724,C[N+](C)(C)CCO.[Br-],True,"['H315', 'H319', 'H335']",70,0
80057,CC[N+](CC)(CC)CCO.[I-],True,"['H315', 'H319', 'H335']",70,0
198804,CC[N+](CC)(CC)CCO.[Cl-],True,No GHS data available,100,100
162303,C[N+](C)(CCO)CCO.[Cl-],True,"['H302', 'H315', 'H319', 'H335']",120,0
87300,C[N+](C)(C)CCO.[I-],True,"['H315', 'H319', 'H335']",70,0
15419000,CC[N+](CC)(CC)CCO.[Br-],True,No GHS data available,100,100
14859573,C[N+](C)(CCO)CI.[I-],True,"['H315', 'H319', 'H335']",70,0
404591,C[N+](C)(CCO)CF.[Cl-],True,No GHS data available,100,100
16941,CC(C[N+](C)(C)C)O.[Cl-],True,No GHS data available,100,100
83283,C(CO)[N+](CCO)(CCO)CCO.[Cl-],True,No GHS data available,100,100
70682,CC[N+](C)(C)CCO.[I-],True,No GHS data available,100,100
23437,C[N+](CCO)(CCO)CCO.[Cl-],True,No GHS data available,100,100
71310335,C[N+](C)(C)CCO.[Cl-],True,"['H315', 'H319', 'H335']",70,0
23066982,CC[N+](C)(CC)CCO.[Br-],True,No GHS data available,100,100
16217619,C[N+](C)(C)CCO.[Br-],True,"['H315', 'H319', 'H335']",70,0
16213539,C[N+](C)(C)CCO.[Cl-],True,"['H315', 'H319', 'H335']",70,0
15029175,CC[N+](C)(C)CCO.[Br-],True,No GHS data available,100,100
14859571,C[N+](C)(CCO)CBr.[Br-],True,No GHS data available,100,100
14859569,C[N+](C)(CCO)CCl.[I-],True,No GHS data available,100,100
13778189,CCC[N+](C)(C)CCO.[Br-],True,No GHS data available,100,100
200221,CC[N+](C)(CC)CCO.[I-],True,No GHS data available,100,100
87940,CC[N+](C)(C)CCO.[Cl-],True,No GHS data available,100,100
57052,CCC[N+](CCC)(CCC)CCO.[Cl-],True,No GHS data available,100,100
46081,CC[N+](C)(CCO)CCO.[Cl-],True,No GHS data available,100,100
71360639,C[N+](CCO)(CCO)CCO.[Br-],True,No GHS data available,100,100
71309220,C[N+](C)(C)CCO.[Br-],True,"['H315', 'H319', 'H335']",70,0
71309123,C[N+](C)(C)CCO.[Cl-],True,"['H315', 'H319', 'H335']",70,0
71308987,C[N+](C)(C)CCO.[Br-],True,"['H315', 'H319', 'H335']",70,0
55252930,C[N+](C)(CCO)CCF.[Cl-],True,No GHS data available,100,100
22763438,CC[N+](CC)(CCO)CCO.[Cl-],True,No GHS data available,100,100
22495101,C[N+](C)(C)CCOCl.[Cl-],True,No GHS data available,100,100
22134097,C[N+](C)(C)CCO.[F-],True,No GHS data available,100,100
21149523,CCCC[N+](C)(CCCC)CCO.[Cl-],True,No GHS data available,100,100
21149385,CC[N+](C)(CC)CCO.[Cl-],True,No GHS data available,100,100
14818435,C[N+](C)(CCO)CCO.[I-],True,No GHS data available,100,100
88418050,CC([N+](C)(C)CCl)O.[Cl-],True,No GHS data available,100,100
87169779,C[N+](C)(C)CC(CF)O.[Cl-],True,No GHS data available,100,100
54759110,C[N+](C)(C)CCOF.[Cl-],True,No GHS data available,100,100
22179221,C[N+](C)(CCO)CC#N.[Cl-],True,No GHS data available,100,100
18637976,CC(C[N+](C)(C)C)O.[Cl-],True,No GHS data available,100,100
18637975,CC(C[N+](C)(C)C)O.[Cl-],True,No GHS data available,100,100
16206407,C[N+]1(CC1)CCO.[Cl-],True,No GHS data available,100,100
14068066,C[N+](CCO)(CCO)CCO.[I-],True,No GHS data available,100,100
3021050,CC(C)([N+](C)(C)CCO)O.[Cl-],True,No GHS data available,100,100
130122212,C[N+](C)(C)CC(O)O.[Cl-],True,No GHS data available,100,100
129718487,C[N+](C)(C)CC#CCO.[Cl-],True,No GHS data available,100,100
71379425,CCCOC[N+](C)(C)CCO.[Cl-],True,No GHS data available,100,100
71361175,CCC[N+](C)(C)CCO.[I-],True,No GHS data available,100,100
71337751,CC[N+](CCO)(CCO)CCO.[I-],True,No GHS data available,100,100
71316603,CC[N+](C)(CCO)CCO.[Br-],True,No GHS data available,100,100
55221478,C[N+](C)(CCO)N.[Cl-],True,No GHS data available,100,100
15646780,C[N+](C)(C)C1CO1.[Cl-],True,No GHS data available,100,100
13335706,C[N+](C)(C)CCO.[Cl-],True,No GHS data available,100,100
16213401,C[N+](C)(C)CCO.[Br-],True,No GHS data available,100,100
20975785,C[N+](C)(C)CCO.COC.[I-],True,No GHS data available,100,100
57408300,C[N+](C)(CCO)CC#C.[Cl-],True,No GHS data available,100,100
71309026,C[N+](C)(C)CCO.[Cl-],True,No GHS data available,100,100
71438984,C[N+](C)(C)CCOCl.[I-],True,No GHS data available,100,100
86000886,CCOC[N+](C)(C)CCO.[Cl-],True,No GHS data available,100,100
90472201,C[N+](C)(C)CCO.[Cl-],True,No GHS data available,100,100
121225370,C[N+](C)(C)CCO.[Cl-],True,No GHS data available,100,100
130123012,C[N+](C)(CCO)CSC.[Cl-],True,No GHS data available,100,100
6060,CC(=O)OCC[N+](C)(C)C.[Cl-],True,"['H315', 'H319', 'H335']",70,0
6114,CC(C[N+](C)(C)C)OC(=O)C.[Cl-],True,"['H302', 'H315', 'H319', 'H335']",120,0
75271,CC(=O)OCC[N+](C)(C)C.[I-],True,"['H302', 'H315', 'H319', 'H335']",120,0
65551,CC(=O)OCC[N+](C)(C)C.[Br-],True,"['H315', 'H319', 'H335']",70,0
3083639,CC(C[N+](C)(C)C)OC(=O)C.[I-],True,No GHS data available,100,100
17232,CCCC(=O)OCC[N+](C)(C)C.[I-],True,"['H315', 'H319', 'H335']",70,0
11957478,C[N+](C)(C)CCOC(=O)CBr.[Br-],True,No GHS data available,100,100
76297,CCCC(=O)OCC[N+](C)(C)C.[Cl-],True,No GHS data available,100,100
75611,CCC(=O)OCC[N+](C)(C)C.[I-],True,No GHS data available,100,100
200862,CC[N+]1(CCOC(=O)C1)CC.[Cl-],True,"['H315', 'H319', 'H335']",70,0
92754,CC(C[N+](C)(C)C)OC(=O)C.[Br-],True,"['H302', 'H315', 'H319', 'H335']",120,0
53372306,CC(=O)OCC[N+](C)(C)C.[F-],True,No GHS data available,100,100
3015030,CCCC(=O)OCC[N+](C)(C)C.[Br-],True,No GHS data available,100,100
3014094,CCC(=O)OCC[N+](C)(C)C.[Cl-],True,No GHS data available,100,100
115900,C[N+](C)(C)CCOC=O.[Cl-],True,No GHS data available,100,100
71358507,C[N+](C)(C)CCOC(=O)CI.[I-],True,No GHS data available,100,100
45038081,CC(=O)OCC[N+](C)(C)C.[Cl-],True,"['H315', 'H319', 'H335']",70,0
18413557,CC(=O)OCC[N+](C)(C)CC(=O)O.[Br-],True,No GHS data available,100,100
9901433,CC(C)(C)C(=O)OCC[N+](C)(C)C.[I-],True,No GHS data available,100,100
3014930,CCC(=O)OCC[N+](C)(C)C.[Br-],True,No GHS data available,100,100
124974,CC(=O)OCC[N+]1(CCOCC1)C.[I-],True,No GHS data available,100,100
108932,CCOC(=O)C[N+](C)(C)C.[Br-],True,No GHS data available,100,100
76421,CCOC(=O)C[N+](C)(C)C.[Cl-],True,No GHS data available,100,100
26610,C[N+](C)(C)CC(=O)OC.[Br-],True,No GHS data available,100,100
53249647,CC(=O)OCC[N+](C)(C)C.CC(=O)OCC[N+](C)(C)C.[Cl-].[Cl-],True,No GHS data available,100,100
24832977,CC[N+](CC)(CC)CC(=O)OC.[Br-],True,No GHS data available,100,100
129849604,CC(=O)OCC[N+](C)(C)C.[Br-],True,No GHS data available,100,100
86159252,CC(C)OC(=O)C[N+](C)(C)C.[Cl-],True,No GHS data available,100,100
71430629,C[N+](C)(C)CCOC(=O)CF.[I-],True,No GHS data available,100,100
71398908,CC(=O)OCC[N+](C)(C)C.O.[Cl-],True,No GHS data available,100,100
71324184,C[N+](C)(C)CCOC(=O)C[N+]#N.[I-].[I-],True,No GHS data available,100,100
45038079,CC(=O)OCC[N+](C)(C)C.[Br-],True,No GHS data available,100,100
24729331,CC[N+](CC)(CC)CC(=O)OC.[Cl-],True,No GHS data available,100,100
24184312,C[N+]1(CCOC(=O)C1)C.[Br-],True,No GHS data available,100,100
16219020,CCCC(=O)OCC[N+](C)(C)C.O.[Cl-],True,No GHS data available,100,100
13990495,C[N+](C)(C)CC(=O)OC.[Cl-],True,No GHS data available,100,100
45046378,CCCOC(=O)C[N+](C)(C)C.O.[Cl-],True,No GHS data available,100,100
73416425,CC(C[N+](C)(C)C)OC(=O)C.[Cl-],True,No GHS data available,100,100
73416426,CC(C[N+](C)(C)C)OC(=O)C.[Cl-],True,No GHS data available,100,100
82027524,C[N+]1(CCOCC1)CC(=O)OC.[Br-],True,No GHS data available,100,100
90472116,CC(=O)OCC[N+](C)(C)C.[Cl-],True,No GHS data available,100,100
90472136,CC(=O)OCC[N+](C)(C)C.[Br-],True,No GHS data available,100,100
102602057,CC(=O)OCC[N+](C)(C)C.[I-],True,No GHS data available,100,100
131701024,CC(=O)OCC[N+](C)(C)C.[Cl-],True,No GHS data available,100,100
131701151,CC(=O)OCC[N+](C)(C)C.[Br-],True,No GHS data available,100,100
78025,C(CO)[N+](CCO)(CCO)CCO.[Br-],True,No GHS data available,100,100
15029189,C[N+](C)(CCO)CC#C.[Br-],True,No GHS data available,100,100
57372419,C[N+](C)(C)CCOBr.[Br-],True,No GHS data available,100,100
21422554,CCCC[N+](CC)(CC)CCO.[Br-],True,No GHS data available,100,100
130685603,CC(CO)[N+](C)(C)C.[Br-],True,No GHS data available,100,100
133624866,CC[N+](C)(C)CO.[Br-],True,No GHS data available,100,100
115897,C[N+](C)(C)CCO[N+](=O)[O-].[Br-],True,No GHS data available,100,100
13836,C[N+](C)(C)CCCl.[Cl-],True,"['H302', 'H312', 'H332', 'H316', 'H320', 'H333', 'H371']",230,0
71309012,C[N+](C)(C)CCCl.[Cl-],True,"['H302', 'H312']",100,0
45790,C[N+](C)(CCCl)CCCl.[Cl-],True,No GHS data available,100,100
22146557,CC([N+](C)(C)C)Cl.[Cl-],True,No GHS data available,100,100
12011908,CC[N+](CC)(CC)CCCl.[Cl-],True,No GHS data available,100,100
23297030,C[N+](C)(C)CCCCl.[Cl-],True,No GHS data available,100,100
19043636,CCC([N+](C)(C)C)Cl.[Cl-],True,No GHS data available,100,100
13552192,CC[N+](C)(CC)CCl.[Cl-],True,No GHS data available,100,100
11965145,C(CCl)[N+](CCCl)(CCCl)CCCl.[Cl-],True,No GHS data available,100,100
85770932,CC(C[N+](C)(C)C)Cl.[Cl-],True,No GHS data available,100,100
76974645,C[N+](C)(C)CCCl.[Cl-],True,No GHS data available,100,100
124202412,C[N+](C)(C)CCCl.[Cl-],True,No GHS data available,100,100
129923888,C=[N+](CCCl)CCCl.[Cl-],True,No GHS data available,100,100
129924332,CC(C)[N+](C)(C)CCCl.[Cl-],True,No GHS data available,100,100
174113,C[N+](C)(CCCO)CCO.[Cl-],True,No GHS data available,100,100
71334730,CCCC[N+](CCCC)(CCCC)CCO.[Cl-],True,No GHS data available,100,100
20183920,CCCC[N+](C)(CCO)CCO.[Br-],True,No GHS data available,100,100
13685852,C[N+](CC[N+](C)(CCO)CCO)(CCO)CCO.[Cl-].[Cl-],True,No GHS data available,100,100
11389597,CC[N+]1(CC(C1)O)CC.[Cl-],True,No GHS data available,100,100
88801463,CC[N+](CC)(CC)CO.[Cl-],True,No GHS data available,100,100
31674,C[N+](C)(CCO)CCCl.[Cl-],True,No GHS data available,100,100
90239280,CN1CC[N+](CC1)(C)CCO.[Cl-],True,No GHS data available,100,100
71337196,CC(C[N+](C)(C)CCO)O.[Cl-],True,No GHS data available,100,100
11298794,CCCCOC[N+](C)(C)CCO.[Cl-],True,No GHS data available,100,100
130126850,C[N+](C)(CCO)CCSC.[Cl-],True,No GHS data available,100,100
130127690,CCC(CO)[N+](C)(C)C.[Cl-],True,No GHS data available,100,100
130130433,C[N+](C)(CCC#N)CCO.[Cl-],True,No GHS data available,100,100
162073,C[N+](C)(CCOC(=O)C=C)CC1=CC=CC=C1.[Cl-],True,"['H317', 'H319', 'H412']",35,50
94530,CC(=C)C(=O)OCC[N+](C)(C)CC1=CC=CC=C1.[Cl-],True,"['H315', 'H317', 'H319']",45,0
54606387,CCCCCCCCCCCCOCC[N+](CCO)(CCO)CC=CC1=CC=CC=C1.[Cl-],True,No GHS data available,100,100
12102112,CC[N+](CC)(CC#CCO)CC#CC1=CC=CC=C1.[Br-],True,No GHS data available,100,100
3016458,CC[N+](CC)(CCOC(=O)C(=C)C)CC1=CC=CC=C1.[Cl-],True,No GHS data available,100,100
106706,C[N+](C)(CC1=CC=CC=C1)CC(CCl)O.[Cl-],True,No GHS data available,100,100
105488,CC(C)CCCCCCCCCCCCCCC1=NCC[N+]1(CCO)CC2=CC=CC=C2.[Cl-],True,No GHS data available,100,100
87084379,C1C[N+](C=N1)(CCO)CC2=CC=CC=C2.[Cl-],True,No GHS data available,100,100
21149760,CC(COC(=O)C=C)[N+](C)(C)CC1=CC=CC=C1.[Cl-],True,No GHS data available,100,100
17387179,C1C[N+]2(CCC1C(C2)O)CC3=CC=CC=C3.[Br-],True,No GHS data available,100,100
12102115,C1CC[N+](C1)(CC#CCO)CC#CC2=CC=CC=C2.[Br-],True,No GHS data available,100,100
12102113,CCC[N+](CCC)(CC#CCO)CC#CC1=CC=CC=C1.[Br-],True,No GHS data available,100,100
3023005,CC(C[N+](C)(C)CC1=CC=CC=C1)OC(=O)C=C.[Cl-],True,No GHS data available,100,100
3016663,CC[N+](CC)(CCOC(=O)C=C)CC1=CC=CC=C1.[Cl-],True,No GHS data available,100,100
107108,CC(C)CCCCCCCOCC(C[N+](C)(C)CC1=CC=CC=C1)O.[Cl-],True,No GHS data available,100,100
36079,CC(=O)OCC[N+](C)(C)CC1=CC=CC=C1.[Br-],True,No GHS data available,100,100
71430298,CCCCCCCCCCCC[N+](CC)(CC)CC1=CC=CC=C1.[Br-],True,No GHS data available,100,100
71411201,CCCCCCCC[N+](CCCCCCCC)(CCCCCCCC)CC1=CC=CC=C1.[I-],True,No GHS data available,100,100
71388718,CCCCC[N+](CCCCC)(CCCCC)CC1=CC=CC=C1.[Br-],True,No GHS data available,100,100
71380355,C[N+](C)(CC1=CC=CC=C1)OC.[Cl-],True,No GHS data available,100,100
71377756,CCCCCCCCCCCCCCCCC=C[N+](C)(C)CC1=CC=CC=C1.[Cl-],True,No GHS data available,100,100
71364434,CCC[N+](C)(C)CC1=CC=CC=C1.[Br-],True,No GHS data available,100,100
71360993,CCCCCCCCCCC(C[N+](C)(C)CC1=CC=CC=C1)O.[Cl-],True,No GHS data available,100,100
71328690,CCCCCCCCCCCC[N+](C)(C)CCC1=CC=CC=C1.[Cl-],True,No GHS data available,100,100
80660,CCOCC[N+](C)(C)C.[Cl-],True,No GHS data available,100,100
71327735,CCCCC(=O)OCC[N+](C)(C)C.[Cl-],True,No GHS data available,100,100
14597708,C[N+](C)(C)CCOC(=O)Cl.[Cl-],True,No GHS data available,100,100
11965071,C[N+](C)(C)CC(=O)OC=C.[Cl-],True,No GHS data available,100,100
71430630,C[N+](C)(C)CCOC(=O)CCl.[I-],True,No GHS data available,100,100
71314539,C[N+](C)(C)CCOC(=O)CCBr.[Cl-],True,No GHS data available,100,100
57375649,CC(C)CC(=O)OCC[N+](C)(C)C.[Cl-],True,No GHS data available,100,100
24282816,C[N+](C)(C)CC(=O)OCCOCCOC(=O)C[N+](C)(C)C.[Cl-].[Cl-],True,No GHS data available,100,100
6379,C[N+](C)(C)C.[Cl-],True,"['H300', 'H301', 'H311', 'H315', 'H319', 'H335', 'H370', 'H410', 'H411']",370,175
66137,C[N+](C)(C)C.[Br-],True,"['H300', 'H315', 'H319', 'H335']",170,0
6381,C[N+](C)(C)C.[I-],True,"['H315', 'H319', 'H335']",70,0
67803,C[N+](C)(C)C.[F-],True,"['H302', 'H312', 'H315', 'H319', 'H332', 'H335']",220,0
16217607,C[N+](C)(C)C.[Br-],True,"['H301', 'H315', 'H319', 'H335']",145,0
6432574,C[N+](C)(C)C.Cl.[Cl-],True,No GHS data available,100,100
16217571,C[N+](C)(C)C.[Cl-],True,"['H301', 'H312', 'H315', 'H319', 'H335']",195,0
13552186,C[N+](C)(C)CCl.[Cl-],True,No GHS data available,100,100
13463196,C[N+](C)(C)CI.[Cl-],True,No GHS data available,100,100
22382063,C[N+](C)(C)C.O.[Cl-],True,No GHS data available,100,100
16217603,C[N+](C)(C)C.[Cl-],True,No GHS data available,100,100
13440974,C[N+](C)(C)CF.[Cl-],True,No GHS data available,100,100
12456334,C[N+](C)(C)C.[F-],True,No GHS data available,100,100
22242316,C[N+](C)(C)C.[Br-].[Br-].[Br-],True,No GHS data available,100,100
71334606,C[N+](C)(CCCN)CCO.[Cl-],True,No GHS data available,100,100
71372488,C[N+](CCCN)(CCO)CCO.[Cl-],True,No GHS data available,100,100
71356468,C[N+](C)(C)CC(CN)O.[Cl-],True,No GHS data available,100,100
138755525,C[N+](C)(C)CC[NH2+]CCO.[Cl-],True,No GHS data available,100,100
66125,CC[N+](C)(C)C.[I-],True,"['H315', 'H319', 'H335']",70,0
75856,CC[N+](C)(C)C.[Br-],True,No GHS data available,100,100
12719379,CC[N+](=C)CC.[Cl-],True,No GHS data available,100,100
20323413,C[N+](C)(C)CCF.[Cl-],True,No GHS data available,100,100
12824413,CN(C)CC[N+](C)(C)C.[Cl-],True,No GHS data available,100,100
9382,CC[N+](C)(C)CCN(C)CC[N+](C)(C)CC.[Br-].[Br-],True,No GHS data available,100,100
57352499,CC[N+](CC)(CC)CC.CC[N+](CC)(CC)CC.CC[N+](CC)(CC)CC.[Br-].[Br-].[Br-],True,No GHS data available,100,100
56846080,C[C][N+]([C]C)([C]C)[C]C.[Br-],True,No GHS data available,100,100
5938,C[N+](C)(C)CCCCCC[N+](C)(C)C.[Br-].[Br-],True,['H370'],50,0
93550,C[N+](C)(C)CCCCCC[N+](C)(C)C.[Cl-].[Cl-],True,No GHS data available,100,100
101884,C[N+](C)(C)CCCCCC[N+](C)(C)C.[I-].[I-],True,No GHS data available,100,100
84773,CCCCCC[N+](C)(C)C.[I-],True,No GHS data available,100,100
10919,C[N+](C)(C)CCCCC[N+](C)(C)C.[Br-].[Br-],True,"['H315', 'H319', 'H335']",70,0
29431,CCCCC[N+](C)(C)C.[I-],True,No GHS data available,100,100
22323632,CCCCCCCC[N+]1(CCCC1)C.[Cl-],True,No GHS data available,100,100
24191089,C[N+](C)(C)C1CCCCCCC1.[I-],True,No GHS data available,100,100
3026738,CCCCCCC(C)[N+](C)(C)C.[I-],True,"['H315', 'H319', 'H335']",70,0
42072,C[N+](C)(C)CCCCCCCC[N+](C)(C)C.[Cl-].[Cl-],True,No GHS data available,100,100
71415662,CCCCCCC[N+]1(CCCC1)C.[Br-],True,No GHS data available,100,100
22406029,CCCC[N+]1(CCCCCC1)CCCC.[Br-],True,No GHS data available,100,100
129703844,CCCCCCCCCCCCCCCC[N+](C)(C)CCCCCCCCCCCCCCCC.[F-],True,No GHS data available,100,100
92132507,CCCCCCCCCCCCCCCC[N+](C)(C)CCCCCCCCCCCCCCC.[Br-],True,No GHS data available,100,100
71443532,CCCCCCCCCCCC[N+](CCCC)(CCCCCCCCCCCC)CCCCCCCCCCCC.[Br-],True,No GHS data available,100,100
71406493,CCCCCCCCCCCCCCCCCC[N+](CCCCCCCCCC)(CCCCCCCCCC)CCCCCCCCCC.[I-],True,No GHS data available,100,100
71406169,CCCCCCCCCCCCCCCC[N+](C)(CCCCCCCCCCCCCCCC)CCCCCCCCCCCCCCCC.[I-],True,No GHS data available,100,100
71398580,CCCCCCCCCCCC[N+](CCCCCC)(CCCCCCCCCCCC)CCCCCCCCCCCC.[Br-],True,No GHS data available,100,100
71398578,CCCCCCCCCCCC[N+](CCCCCCCC)(CCCCCCCCCCCC)CCCCCCCCCCCC.[Br-],True,No GHS data available,100,100
71382089,CCCCCCCC[N+](C)(CCCC)CCCCCC.[I-],True,No GHS data available,100,100
71382085,CCCCCCCCCCCC[N+](C)(CCCC)CCCCCCCC.[I-],True,No GHS data available,100,100
71370930,C[N+](C)(C)CCCCCCCCCCCCCCCCCCCCCC[N+](C)(C)C.[Br-].[Br-],True,No GHS data available,100,100
71369163,CCCCCCCCCCCCCCCC(CCCCCCCCCCCCCC)[N+](C)(C)C.[Br-],True,No GHS data available,100,100
71368740,C[N+](C)(C)CCCCCCCCI.[I-],True,No GHS data available,100,100
71367843,CCCCCCCCCCCCCCCCCCCCCC[N+](C)(C)CCCCCCCC.[Br-],True,No GHS data available,100,100
71367485,C[N+](C)(C)CCCCCCCCCCN.[Br-],True,No GHS data available,100,100
71364435,CCCCCCCCCCCC[N+](CCC)(CCCCCCCCCCCC)CCCCCCCCCCCC.[Br-],True,No GHS data available,100,100
71359340,C[N+](C)(C)CCCCCCCCCCCC(F)(F)F.[Br-],True,No GHS data available,100,100
71358271,CCCCCC[N+](C)(C)CCN(C)C.[Br-],True,No GHS data available,100,100
71335569,CCCCCCCCCCCCCCCCCC[N+](C)(C)CCCCCC.[Br-],True,No GHS data available,100,100
71335073,C[N+](C)(C)CCCCCCCCCCCCCCCCCCCCCC[N+](C)(C)C.[Cl-].[Cl-],True,No GHS data available,100,100
71334272,CCC[N+](CCC)(CCC)CCCCCCCC[N+](CCC)(CCC)CCC.[Br-].[Br-],True,No GHS data available,100,100
71334230,CCCCCCCCC[N+](C)(C)CCCCC[N+](C)(C)CCCCCCCCC.[Br-].[Br-],True,No GHS data available,100,100
71334164,CCCCCCCCCCCC[N+]1(CCCC1)CCCCCC.[Br-],True,No GHS data available,100,100
71330145,CCCCCCCCCCCCCCCC[N+](CCCCCCCCCCCC)(CCCCCCCCCCCC)CCCCCCCCCCCC.[Br-],True,No GHS data available,100,100
71320367,C[N+]1(CCCCCCCCCCCC1)CCCCCC[N+]2(CCCCCCCCCCCC2)C.[Br-].[Br-],True,No GHS data available,100,100
46783693,C[N+](C)(C)CCCCCCCBr.[Br-],True,No GHS data available,100,100
15066125,CCCCCCCCCCCCCC[N+](C)(CCCCCCCCCCCCCC)CCCCCCCCCCCCCC.[Br-],True,No GHS data available,100,100
14494907,CCCCCCCCCCCC[N+](C)(CC)CC.[Br-],True,No GHS data available,100,100
13270485,CCCCCCCCCCCCCCCCCC[N+](C)(C)CCF.[Br-],True,No GHS data available,100,100
12831193,CCCCCCCC[N+](C)(C)CCC[N+](C)(C)CCCCCCCC.[Br-].[Br-],True,No GHS data available,100,100
12416668,CCCCCCCCC[N+](C)(C)CCCCCC[N+](C)(C)CCCCCCCCC.[Br-].[Br-],True,No GHS data available,100,100
2829663,CCCCCCCCC[N+](CC)(CC)CC.[I-],True,No GHS data available,100,100
2829666,CC[N+](CC)(CC)CCCCCCCCCC[N+](CC)(CC)CC.[Br-].[Br-],True,No GHS data available,100,100
11653498,CCCCCCCCCCCCCC[N+](C)(C)C.[Br-],True,No GHS data available,100,100
18527397,CCCCCCCC[N+](CCCC)(CCCC)CC#CCCCC.[Br-],True,No GHS data available,100,100
44658297,CCCCCC[N+](C)(C)CC#CC.[Br-],True,No GHS data available,100,100
45050024,CCCCCCCCCCCCC[N+](C)(CCCC)CCCC.[I-],True,No GHS data available,100,100
46781421,CCCCCCCCCCCC[N+](C)(C)C.[Cl-],True,No GHS data available,100,100
71309303,CCCCCCCCCCCC[N+](C)(C)C.[Br-],True,No GHS data available,100,100
71431243,CCCCCCCCCC(CCCCCCCC)[N+](CCCCCCCC)(CCCCCCCC)CCCCCCCC.[Br-],True,No GHS data available,100,100
86159923,CCCCCCCCCCCCCC[N+](C)(CCCCCCCCCCCCCC)CCCCCCCCCCCCCC.[I-],True,No GHS data available,100,100
71310936,C[N+](C)(C)CCCCCCCCCCCS.[Br-],True,No GHS data available,100,100
18792206,C[N+](C)(C)CCCCCC[N+](C)(C)C.O.[Br-].[Br-],True,No GHS data available,100,100
22352665,CC(C)CCCCCCCCCCCCCCC[N+](C)(C)C.[Cl-],True,No GHS data available,100,100
71359484,CC(C)CC[N+](CCC(C)C)(CCC(C)C)CCC(C)C.O.[Br-],True,No GHS data available,100,100
57369131,CCCC[N+](CCCC)(CCCC)CCCBr.[Br-],True,No GHS data available,100,100
12416664,CCCCCC[N+](C)(C)CCCCCC[N+](C)(C)CCCCCC.[Br-].[Br-],True,No GHS data available,100,100
12416662,CCCCC[N+](C)(C)CCCCCC[N+](C)(C)CCCCC.[Br-].[Br-],True,No GHS data available,100,100
102601105,CCCCCCCCCCCCCCCC[N+](C)(C)C.[Br-],True,No GHS data available,100,100
121494040,CCCCCCCCCCCCCCCC[N+](C)(C)C.[Br-],True,No GHS data available,100,100
121494048,CCCCCCCCCCCCCCCC[N+](C)(C)C.[Br-],True,No GHS data available,100,100
121494050,CCCCCCCCCCCCCCCC[N+](C)(C)C.[Br-],True,No GHS data available,100,100
131698527,CCCCCCCCCCCCCCCC[N+](C)(C)C.[Br-],True,No GHS data available,100,100
131701180,CCCCCCCCCCCC[N+](C)(C)CCCCCCCCCCCC.[Br-],True,No GHS data available,100,100
19838382,CCCC[N+]1(CCCCC1)C.[Br-],True,No GHS data available,100,100
60196385,CCC[N+]1(CCCCC1)C.[Br-],True,No GHS data available,100,100
12383550,CC[N+]1(CCCCC1)C.[Br-],True,No GHS data available,100,100
23358584,CCCCC[N+]1(CCCC1)C.[Br-],True,No GHS data available,100,100
20437289,CC[N+](CC)(CC)C1CCCCC1.[Br-],True,No GHS data available,100,100
16682227,CCCCCC[N+](C)(C)CC#CC.[Cl-],True,No GHS data available,100,100
126475911,CC(C)[N+](C)(C)CCCCC[N+](C)(C)C(C)C.[Br-].[Br-],True,No GHS data available,100,100
121237811,CC[N+](C)(C)C1CCCCC1.[Br-],True,No GHS data available,100,100
9950184,CCCCCCCCCC[N+](C)(C)CCCCCCC(C)C.[Cl-],True,No GHS data available,100,100
20386332,CCCCCC(C)C[N+](C)(CC(C)CCCCC)CC(C)CCCCC.[Cl-],True,No GHS data available,100,100
9947059,CC(C)CCCCCCC[N+](C)(C)CCCCCCCC(C)C.[Cl-],True,No GHS data available,100,100
71343624,CCCCCCCCCCCCCCCCCC[N+](C)(C)CCS.[Cl-],True,No GHS data available,100,100
21149844,CCCCCCCC[N+](C)(C)CC(CC)CCCC.[Cl-],True,No GHS data available,100,100
14625485,CCCCCCCCCCCCCC[N+](C)(C)CCCl.[Cl-],True,No GHS data available,100,100
14625483,CCCCCCCCCCCCCCCCCC[N+](C)(C)CCCl.[Cl-],True,No GHS data available,100,100
3024224,CCCCC(CC)C[N+](CC)(CC(CC)CCCC)CC(CC)CCCC.[Cl-],True,No GHS data available,100,100
3018177,CCCCC(CC)C[N+](C)(C)CCCC.[Cl-],True,No GHS data available,100,100
169386,CCCCCCCCCCCC[N+](C)(C)CC=C.[Cl-],True,No GHS data available,100,100
21917627,CCCCCCCCCCCCCCC(CCCCCCCCCCCC)C[N+](C)(C)C.[Cl-],True,No GHS data available,100,100
20503036,CCCCCCCCCCCCCCCC[N+](C)(C)CC=C.[Cl-],True,No GHS data available,100,100
20468836,CCCCCCCCCCCCCCCCCC[N+](C)(C)CC=C.[Cl-],True,No GHS data available,100,100
52001,CCCCCCCCCCCCCCCC[N+](C)(C)CC#CCCl.[Cl-],True,No GHS data available,100,100
71387972,CCCCCCCCCCC(CCCCCCCC)C[N+](C)(C)CC(CCCCCCCC)CCCCCCCCCC.[Cl-],True,No GHS data available,100,100
21917634,CCCCCCCCC(CCCCCC)C[N+](C)(C)CC(CCCCCC)CCCCCCCC.[Cl-],True,No GHS data available,100,100
19787573,CCCCCCCCC(CCCCCC)C[N+](C)(C)C.[Cl-],True,No GHS data available,100,100
19068813,CCCCCCCCCCC(CCCCCCCC)C[N+](C)(C)C.[Cl-],True,No GHS data available,100,100
71341152,CCCCCCCCCCCCCCC(CCCCCCCCCC)C[N+](C)(C)C.[Cl-],True,No GHS data available,100,100
71333070,CCCCCCCCCCC(CCCCCC)C[N+](C)(C)C.[Cl-],True,No GHS data available,100,100
10108417,CCCCCCCCCCCCCC[N+](C)(C)N.[Cl-],True,No GHS data available,100,100
202328,CC(C)[N+]1(CCC(CC1)C2=CC=CC=C2)C.[I-],True,No GHS data available,100,100
52025,CC[N+](C)(CC)C1=CC=CC(=C1)C.[I-],True,No GHS data available,100,100
