HBA_cid,HBA_smiles,Vendor Status,GHS_info,Health Score,SCALED HEALTH,HEALTH PI,Environmental Score,ENV SCALED,ENV PI,HBA_InChIKey,HBA_MolecularFormula,HBA_MolecularWeight,SCALED MW,MW PI,HBA_mp,TOTAL PI,RANK,MIN MW in set
75853,CCC[N+](C)(C)C.[Br-],TRUE,"['H315', 'H319']",20,96,52.8,0,100,18,FCGQIZKUTMUWDC-UHFFFAOYSA-M,C6H16BrN,182.1,51.14772103,13.80988468,no mp data,84.60988468,1,
75854,CCCC[N+](C)(C)C.[Br-],TRUE,"['H315', 'H319']",20,96,52.8,0,100,18,YGGIZRRNXQJOTI-UHFFFAOYSA-M,C7H18BrN,196.13,47.48891042,12.82200581,no mp data,83.62200581,2,
78872,CC[N+](C)(C)CC1=CC=CC=C1.[Cl-],TRUE,"['H315', 'H319']",20,96,52.8,0,100,18,IUHDTQIYNQQIBP-UHFFFAOYSA-M,C11H18ClN,199.72,46.63528941,12.59152814,no mp data,83.39152814,3,
6209,C[N+](C)(C)CCO.[Cl-],TRUE,"['H315', 'H319', 'H335']",70,86,47.3,0,100,18,SGMZJAMFUVOLNK-UHFFFAOYSA-M,C5H14ClNO,139.62,66.70964045,18.01160292,305,83.31160292,4,
71310335,C[N+](C)(C)CCO.[Cl-],TRUE,"['H315', 'H319', 'H335']",70,86,47.3,0,100,18,SGMZJAMFUVOLNK-NWZHYJCUSA-M,C5H14ClNO,140.62,66.23524392,17.88351586,no mp data,83.18351586,5,
71309123,C[N+](C)(C)CCO.[Cl-],TRUE,"['H315', 'H319', 'H335']",70,86,47.3,0,100,18,SGMZJAMFUVOLNK-LJJZSEGWSA-M,C5H14ClNO,140.62,66.23524392,17.88351586,no mp data,83.18351586,5,
74745,CCC[N+](CCC)(CCC)CCC.[Br-],TRUE,Not classified as a hazardous substance,0,100,55,0,100,18,BGQMOFGZRJUORO-UHFFFAOYSA-M,C12H28BrN,266.26,34.98084579,9.444828363,252.2222222,82.44482836,7,
16213539,C[N+](C)(C)CCO.[Cl-],TRUE,"['H315', 'H319', 'H335']",70,86,47.3,0,100,18,SGMZJAMFUVOLNK-KYRNGWDOSA-M,C5H14ClNO,148.68,62.64460586,16.91404358,no mp data,82.21404358,8,
82326,CC[N+](C)(CC)CC.[Cl-],TRUE,"['H315', 'H319', 'H335']",70,86,47.3,0,100,18,NIUZJTWSUGSWJI-UHFFFAOYSA-M,C7H18ClN,151.68,61.40559072,16.57950949,no mp data,81.87950949,9,
24951,CCCCCCCCCC[N+](C)(C)C.[Cl-],TRUE,"['H315', 'H319']",20,96,52.8,0,100,18,HXWGXXDEYMNGCT-UHFFFAOYSA-M,C13H30ClN,235.84,39.49287653,10.66307666,no mp data,81.46307666,10,
11746670,CCCC[N+](CC)(CC)CC.[Br-],TRUE,"['H315', 'H319']",20,96,52.8,0,100,18,ZNFYPPCUDSCDPR-UHFFFAOYSA-M,C10H24BrN,238.21,39.09995382,10.55698753,no mp data,81.35698753,11,
88091,CC[N+](CC)(CCO)CC1=CC=CC=C1.[Cl-],TRUE,"['H315', 'H319']",20,96,52.8,0,100,18,MTIWHYTVKBFFOH-UHFFFAOYSA-M,C13H22ClNO,243.77,38.20814702,10.3161997,no mp data,81.1161997,12,
6452152,C1CCC2=[N+](CC1)CCCN2CC3=CC=CC=C3.[Cl-],TRUE,['H319'],10,98,53.9,0,100,18,CIIDVPBPKJUNNK-UHFFFAOYSA-M,C16H23ClN2,278.82,33.4050642,9.019367334,no mp data,80.91936733,13,
112264,CC[N+]1(CCCC1)C.[Br-],TRUE,['H341'],50,90,49.5,0,100,18,KHJQQUGSPDBDRM-UHFFFAOYSA-M,C7H16BrN,194.11,47.98310236,12.95543764,no mp data,80.45543764,14,
74750,CCCCCCCCC[N+](C)(C)C.[Br-],TRUE,"['H315', 'H319']",20,96,52.8,0,100,18,SSEGNMJSEROZIF-UHFFFAOYSA-M,C12H28BrN,266.26,34.98084579,9.444828363,no mp data,80.24482836,15,
11062816,C[N+](C)(C)CC1=CC=CC=C1.[F-],TRUE,"['H315', 'H319', 'H335']",70,86,47.3,0,100,18,KFSZGBHNIHLIAA-UHFFFAOYSA-M,C10H16FN,169.24,55.03427086,14.85925313,no mp data,80.15925313,16,
165294,CC[N+](CC)(CC)CC1=CC=CC=C1.[Br-],TRUE,"['H315', 'H319']",20,96,52.8,0,100,18,CHQVQXZFZHACQQ-UHFFFAOYSA-M,C13H22BrN,272.22,34.21497318,9.23804276,no mp data,80.03804276,17,
3015147,C[N+](C)(CC1=CC=CC=C1)C2CCCCC2.[Cl-],TRUE,['H412'],0,100,55,50,81.81818182,14.72727273,ZYUCLFWLUQAJEJ-UHFFFAOYSA-M,C15H24ClN,253.81,36.69674166,9.908120247,no mp data,79.63539297,18,
101569,C[N+](C)(CC1=CC=CC=C1)CC2=CC=CC=C2.[Cl-],TRUE,['H412'],0,100,55,50,81.81818182,14.72727273,LCXAARCEIWRIMU-UHFFFAOYSA-M,C16H20ClN,261.79,35.57813515,9.60609649,no mp data,79.33336922,19,
23500186,CCC[N+](CC)(CCC)CCC.[I-],TRUE,"['H315', 'H319']",20,96,52.8,0,100,18,ZLHWTGZMAWUUMD-UHFFFAOYSA-M,C11H26IN,299.24,31.12551798,8.403889854,no mp data,79.20388985,20,
10891295,CCCC[N+](CCCC)(CCCC)CCCC.F.[F-],TRUE,['H314'],25,95,52.25,0,100,18,ZHBDKVWQJKYIFF-UHFFFAOYSA-M,C16H37F2N,281.47,33.09056027,8.934451274,no mp data,79.18445127,21,
6060,CC(=O)OCC[N+](C)(C)C.[Cl-],TRUE,"['H315', 'H319', 'H335']",70,86,47.3,0,100,18,JUGOREOARAHOCO-UHFFFAOYSA-M,C7H16ClNO2,181.66,51.2716063,13.8433337,no mp data,79.1433337,22,
74724,C[N+](C)(C)CCO.[Br-],TRUE,"['H315', 'H319', 'H335']",70,86,47.3,0,100,18,JJCWKVUUIFLXNZ-UHFFFAOYSA-M,C5H14BrNO,184.07,50.6003151,13.66208508,no mp data,78.96208508,23,
16211989,C[N+](C)(C)CC1=CC=CC=C1.O.[F-],TRUE,"['H315', 'H319', 'H335']",70,86,47.3,0,100,18,RQVPEOYSZICMEA-UHFFFAOYSA-M,C10H18FNO,187.25,49.74098798,13.43006676,no mp data,78.73006676,24,
122756,CC[N+](CC)(CC)CC1=CC=CC=C1.[I-],TRUE,"['H315', 'H319']",20,96,52.8,0,100,18,JWLJBISFJGEYMT-UHFFFAOYSA-M,C13H22IN,319.22,29.17736984,7.877889857,no mp data,78.67788986,25,
16217619,C[N+](C)(C)CCO.[Br-],TRUE,"['H315', 'H319', 'H335']",70,86,47.3,0,100,18,JJCWKVUUIFLXNZ-HGFPCDIYSA-M,C5H14BrNO,188.1,49.51621478,13.36937799,no mp data,78.66937799,26,
44630344,CCCCCCCC[N+](C)(C)CCCCCC.[Br-],TRUE,"['H315', 'H319']",20,96,52.8,0,100,18,KIEOLZRKTOBVMX-UHFFFAOYSA-M,C16H36BrN,322.37,28.89226665,7.800911996,no mp data,78.600912,27,
3034700,CCCCCCCCCCCCCC[N+](CC1=CC=CC=C1)(CC(C)O)CC(C)O.[Cl-],TRUE,Not classified as a hazardous substance,0,100,55,0,100,18,KXUWBDGMGUMNIG-UHFFFAOYSA-M,C27H50ClNO2,456.1,20.42096032,5.513659285,no mp data,78.51365929,28,
45038081,CC(=O)OCC[N+](C)(C)C.[Cl-],TRUE,"['H315', 'H319', 'H335']",70,86,47.3,0,100,18,JUGOREOARAHOCO-WWMMTMLWSA-M,C7H16ClNO2,190.71,48.83855068,13.18640868,no mp data,78.48640868,29,
71308987,C[N+](C)(C)CCO.[Br-],TRUE,"['H315', 'H319', 'H335']",70,86,47.3,0,100,18,JJCWKVUUIFLXNZ-KYRNGWDOSA-M,C5H14BrNO,193.13,48.22658313,13.02117745,no mp data,78.32117745,30,
200862,CC[N+]1(CCOC(=O)C1)CC.[Cl-],TRUE,"['H315', 'H319', 'H335']",70,86,47.3,0,100,18,RBRYBFQKZYAIQT-UHFFFAOYSA-M,C8H16ClNO2,193.67,48.09211545,12.98487117,no mp data,78.28487117,31,
3083778,CC[N+](C)(CC)CC.[Br-],TRUE,"['H315', 'H319', 'H335']",70,86,47.3,0,100,18,GRVPDGGTLNKOBZ-UHFFFAOYSA-M,C7H18BrN,196.13,47.48891042,12.82200581,no mp data,78.12200581,32,
158451,CCC[N+](C)(C)CC.[Br-],TRUE,"['H315', 'H319', 'H335']",70,86,47.3,0,100,18,BSMDPGZLSUDGEK-UHFFFAOYSA-M,C7H18BrN,196.13,47.48891042,12.82200581,no mp data,78.12200581,32,
71309220,C[N+](C)(C)CCO.[Br-],TRUE,"['H315', 'H319', 'H335']",70,86,47.3,0,100,18,JJCWKVUUIFLXNZ-TYBPHYHNSA-M,C5H14BrNO,197.15,47.24321583,12.75566827,no mp data,78.05566827,34,
76408,CCCCCCCC[N+](C)(C)CCCCCCCC.[Br-],TRUE,"['H315', 'H319']",20,96,52.8,0,100,18,APTVNWGLSRAOFJ-UHFFFAOYSA-M,C18H40BrN,350.4,26.58105023,7.176883562,no mp data,77.97688356,35,
6381,C[N+](C)(C)C.[I-],TRUE,"['H315', 'H319', 'H335']",70,86,47.3,0,100,18,RXMRGBVLCSYIBO-UHFFFAOYSA-M,C4H12IN,201.05,46.32678438,12.50823178,no mp data,77.80823178,36,
11009532,CCCC[N+]1(CCCC1)C.[Br-],TRUE,"['H302', 'H319']",60,88,48.4,0,100,18,LCZRPQGSMFXSTC-UHFFFAOYSA-M,C9H20BrN,222.17,41.92285187,11.31917,no mp data,77.71917,37,
6454543,C[N+](C)(CCO)CC1=CC=CC=C1C=C.C=CC1=CC=CC=C1C=C.[Cl-],TRUE,"['H315', 'H319']",20,96,52.8,0,100,18,DPRMXNMXCFHCAS-UHFFFAOYSA-M,C23H30ClNO,371.9,25.04436677,6.761979027,no mp data,77.56197903,38,
10045219,CCCCCCCCCCCCCCCCC[N+](C)(C)C.[Br-],TRUE,"['H315', 'H319']",20,96,52.8,0,100,18,TTXDNWCDEIIMDP-UHFFFAOYSA-M,C20H44BrN,378.5,24.60766182,6.644068692,no mp data,77.44406869,39,
24949,CCCCCCCC[N+](C)(C)C.[Cl-],TRUE,"['H315', 'H319', 'H335']",70,86,47.3,0,100,18,AQZSPJRLCJSOED-UHFFFAOYSA-M,C11H26ClN,207.78,44.82625854,12.10308981,no mp data,77.40308981,40,
20316921,CCC[N+](C)(CC)CC.[Br-],TRUE,"['H315', 'H319', 'H335']",70,86,47.3,0,100,18,IJJXIIFMAVRCIW-UHFFFAOYSA-M,C8H20BrN,210.16,44.31861439,11.96602589,no mp data,77.26602589,41,
71309012,C[N+](C)(C)CCCl.[Cl-],TRUE,"['H302', 'H312']",100,80,44,0,100,18,UHZZMRAGKVHANO-KYRNGWDOSA-M,C5H13Cl2N,167.12,55.73240785,15.04775012,no mp data,77.04775012,42,
66125,CC[N+](C)(C)C.[I-],TRUE,"['H315', 'H319', 'H335']",70,86,47.3,0,100,18,ZPEBBUBSCOELHI-UHFFFAOYSA-M,C5H14IN,215.08,43.30481681,11.69230054,no mp data,76.99230054,43,
3014549,C[N+](C)(CCO)CC1=CC=CC=C1.[Cl-],TRUE,"['H315', 'H319', 'H335']",70,86,47.3,0,100,18,NUPDFKWZQURWCC-UHFFFAOYSA-M,C11H18ClNO,215.72,43.1763397,11.65761172,no mp data,76.95761172,44,
94530,CC(=C)C(=O)OCC[N+](C)(C)CC1=CC=CC=C1.[Cl-],TRUE,"['H315', 'H317', 'H319']",45,91,50.05,0,100,18,CRGOPMLUWCMMCK-UHFFFAOYSA-M,C15H22ClNO2,283.79,32.82004299,8.861411607,no mp data,76.91141161,45,
79880,CCC[N+](CCC)(CCC)CCC.[Cl-],TRUE,"['H315', 'H319', 'H335']",70,86,47.3,0,100,18,FBEVECUEMUUFKM-UHFFFAOYSA-M,C12H28ClN,221.81,41.99089311,11.33754114,no mp data,76.63754114,46,
23500174,CCCC[N+](CCCC)(CCCC)CCCC.[Cl-](Br)Br,TRUE,"['H315', 'H319']",20,96,52.8,0,100,18,LSCNDUNMPYESRN-UHFFFAOYSA-N,C16H36Br2ClN,437.7,21.27941512,5.745442084,no mp data,76.54544208,47,
10059492,CCCCCC[N+](C)(C)C.[Br-],TRUE,"['H315', 'H319', 'H335']",70,86,47.3,0,100,18,JYVPKRHOTGQJSE-UHFFFAOYSA-M,C9H22BrN,224.18,41.54697118,11.21768222,no mp data,76.51768222,48,
65551,CC(=O)OCC[N+](C)(C)C.[Br-],TRUE,"['H315', 'H319', 'H335']",70,86,47.3,0,100,18,ZEHGKSPCAMLJDC-UHFFFAOYSA-M,C7H16BrNO2,226.11,41.19234001,11.1219318,no mp data,76.4219318,49,
87300,C[N+](C)(C)CCO.[I-],TRUE,"['H315', 'H319', 'H335']",70,86,47.3,0,100,18,FNPBHXSBDADRBT-UHFFFAOYSA-M,C5H14INO,231.08,40.3063874,10.8827246,no mp data,76.1827246,50,
9805153,CCCCCCCCCCCCCCCCCCCCCC[N+](C)(C)CC1=CC=CC=C1.[Cl-],TRUE,"['H315', 'H319']",20,96,52.8,0,100,18,BWNMWDJZWBEKKJ-UHFFFAOYSA-M,C31H58ClN,480.2,19.39608496,5.23694294,no mp data,76.03694294,51,
12767855,CCCCCCCCCCCCCCCCCC[N+](C)(C)CC1=CC=CC=C1.O.[Cl-],TRUE,['H314'],25,95,52.25,0,100,18,MEAWKEQKQGFJHS-UHFFFAOYSA-M,C27H52ClNO,442.2,21.06286748,5.68697422,no mp data,75.93697422,52,
67803,C[N+](C)(C)C.[F-],TRUE,"['H302', 'H312', 'H315', 'H319', 'H332', 'H335']",220,56,30.8,0,100,18,GTDKXDWWMOMSFL-UHFFFAOYSA-M,C4H12FN,93.14,100,27,no mp data,75.8,53,
16212312,CC[N+](CC)(CC)CC1=CC=CC=C1.O.[Cl-],TRUE,"['H315', 'H319', 'H335']",70,86,47.3,0,100,18,RSSXVMKLXXFFDT-UHFFFAOYSA-M,C13H24ClNO,245.79,37.89413727,10.23141706,no mp data,75.53141706,54,
11726816,CCCC[N+](CCCC)(CCCC)CCCC.O.O.O.[F-],TRUE,"['H314', 'H318']",50,90,49.5,0,100,18,VEPTXBCIDSFGBF-UHFFFAOYSA-M,C16H42FNO3,315.51,29.52045894,7.970523914,no mp data,75.47052391,55,
74964,CCCCCCCC[N+](C)(C)C.[Br-],TRUE,"['H315', 'H319', 'H335']",70,86,47.3,0,100,18,XCOHAFVJQZPUKF-UHFFFAOYSA-M,C11H26BrN,252.23,36.9266146,9.970185941,no mp data,75.27018594,56,
162073,C[N+](C)(CCOC(=O)C=C)CC1=CC=CC=C1.[Cl-],TRUE,"['H317', 'H319', 'H412']",35,93,51.15,50,81.81818182,14.72727273,ZGCZDEVLEULNLJ-UHFFFAOYSA-M,C14H20ClNO2,269.77,34.52570708,9.321940913,no mp data,75.19921364,57,
6225,CC[N+](CC)(CC)CC.[I-],TRUE,"['H315', 'H319', 'H335']",70,86,47.3,0,100,18,UQFSVBXCNGCBBW-UHFFFAOYSA-M,C8H20IN,257.16,36.21869653,9.779048063,no mp data,75.07904806,58,
11180877,CCCCCCCC[N+](CCCCCCCC)(CCCCCCCC)CCCCCCCC.[I-],TRUE,"['H315', 'H319']",20,96,52.8,0,100,18,KGPZZJZTFHCXNK-UHFFFAOYSA-M,C32H68IN,593.8,15.68541596,4.235062311,no mp data,75.03506231,59,
78667,CCCCC[N+](CCCCC)(CCCCC)CCCCC.[Cl-],TRUE,"['H314', 'H317']",50,90,49.5,0,100,18,SXAWRMKQZKPHNJ-UHFFFAOYSA-M,C20H44ClN,334,27.88622754,7.529281437,no mp data,75.02928144,60,
5946,CC[N+](CC)(CC)CC.[Cl-],TRUE,"['H302', 'H315', 'H319', 'H335']",120,76,41.8,0,100,18,YMBCJWGVCUEGHA-UHFFFAOYSA-M,C8H20ClN,165.7,56.21001811,15.17670489,no mp data,74.97670489,61,
16739405,CCCCC[N+](CCCC)(CCCC)CCCC.[Br-],TRUE,['H302'],50,90,49.5,0,100,18,SJHCESPLNOBUMO-UHFFFAOYSA-M,C17H38BrN,336.4,27.68727705,7.475564804,no mp data,74.9755648,62,
10825627,CCCCCC[N+](CC)(CC)CC.[Br-],TRUE,"['H315', 'H319', 'H335']",70,86,47.3,0,100,18,NAWZSHBMUXXTGV-UHFFFAOYSA-M,C12H28BrN,266.26,34.98084579,9.444828363,no mp data,74.74482836,63,
71309260,CCC[N+](CCC)(CCC)CCC.[Br-],TRUE,"['H315', 'H319', 'H335']",70,86,47.3,0,100,18,BGQMOFGZRJUORO-IDBRGDLFSA-M,C12H28BrN,267.25,34.85126286,9.409840973,no mp data,74.70984097,64,
162303,C[N+](C)(CCO)CCO.[Cl-],TRUE,"['H302', 'H315', 'H319', 'H335']",120,76,41.8,0,100,18,OPVXPOIGBSHXNM-UHFFFAOYSA-M,C6H16ClNO2,169.65,54.90126732,14.82334218,no mp data,74.62334218,65,
6097067,CCC[N+](CCC)(CCC)CC1=CC=CC=C1.[Cl-],TRUE,"['H315', 'H319', 'H335']",70,86,47.3,0,100,18,YTRIOKYQEVFKGU-UHFFFAOYSA-M,C16H28ClN,269.9,34.50907744,9.317450908,no mp data,74.61745091,66,
3014876,CCCCCCCCCC[N+](CCCCCCCCCC)(CCCCCCCCCC)CCCCCCCCCC.[Br-],TRUE,"['H315', 'H319']",20,96,52.8,0,100,18,AHNISXOXSNAHBZ-UHFFFAOYSA-M,C40H84BrN,659,14.13353566,3.816054628,no mp data,74.61605463,67,
45050597,CC1=CC(=C(C=C1C)C[N+](C)(C)C)C.[Br-],TRUE,"['H315', 'H319', 'H335']",70,86,47.3,0,100,18,JYBOSHDAHGXPKZ-UHFFFAOYSA-M,C13H22BrN,272.22,34.21497318,9.23804276,no mp data,74.53804276,68,
14619958,CCCCCCCCCCCCCCCCCC[N+](C)(C)CCCCCCCCCCCCCCCCCC.[I-],TRUE,"['H315', 'H319']",20,96,52.8,0,100,18,MSSPASWTWTZPQU-UHFFFAOYSA-M,C38H80IN,678,13.73746313,3.709115044,no mp data,74.50911504,69,
80057,CC[N+](CC)(CC)CCO.[I-],TRUE,"['H315', 'H319', 'H335']",70,86,47.3,0,100,18,XQDHXDORJFXNDX-UHFFFAOYSA-M,C8H20INO,273.16,34.09723239,9.206252746,no mp data,74.50625275,70,
5938,C[N+](C)(C)CCCCCC[N+](C)(C)C.[Br-].[Br-],TRUE,['H370'],50,90,49.5,0,100,18,FAPSXSAPXXJTOU-UHFFFAOYSA-L,C12H30Br2N2,362.19,25.71578453,6.943261824,no mp data,74.44326182,71,
70681,CCCC[N+](CCCC)(CCCC)CCCC.[Cl-],TRUE,"['H315', 'H319', 'H335']",70,86,47.3,0,100,18,NHGXDBSUJJNIRV-UHFFFAOYSA-M,C16H36ClN,277.9,33.51565311,9.04922634,no mp data,74.34922634,72,
16217571,C[N+](C)(C)C.[Cl-],TRUE,"['H301', 'H312', 'H315', 'H319', 'H335']",195,61,33.55,0,100,18,OKIZCWYLBDKLSU-LJJZSEGWSA-M,C4H12ClN,110.59,84.22099647,22.73966905,no mp data,74.28966905,73,
10062191,CCCC[N+](C)(CCCC)CCCC.[Br-],TRUE,"['H315', 'H319', 'H335']",70,86,47.3,0,100,18,DHAWHVVWUNNONG-UHFFFAOYSA-M,C13H30BrN,280.29,33.22986906,8.972064647,no mp data,74.27206465,74,
3017238,CCCC[N+](CCC)(CCC)CCC.[Br-],TRUE,"['H315', 'H319', 'H335']",70,86,47.3,0,100,18,SXUONWAMSFNGTD-UHFFFAOYSA-M,C13H30BrN,280.29,33.22986906,8.972064647,no mp data,74.27206465,74,
16388,CCCCCCCCCC[N+](C)(C)C.[Br-],TRUE,"['H315', 'H319', 'H335']",70,86,47.3,0,100,18,PLMFYJJFUUUCRZ-UHFFFAOYSA-M,C13H30BrN,280.29,33.22986906,8.972064647,no mp data,74.27206465,74,
20749,CC[N+]1(CCC(=C(C2=CC=CC=C2)C3=CC=CC=C3)C1C)CC.[Br-],TRUE,['H302'],50,90,49.5,0,100,18,UCGJZJXOPSNTGZ-UHFFFAOYSA-M,C22H28BrN,386.4,24.10455487,6.508229814,no mp data,74.00822981,77,
13047371,C[N+]1(CCC2=CC=CC=C2C1)C.[I-],TRUE,"['H315', 'H319', 'H335']",70,86,47.3,0,100,18,JEXHVRQCLSJLRD-UHFFFAOYSA-M,C11H16IN,289.16,32.21054088,8.696846037,no mp data,73.99684604,78,
40887,CC(C1=CC=CC=C1)[N+](C)(C)C.[I-],TRUE,"['H315', 'H319', 'H335']",70,86,47.3,0,100,18,YOCNHAYWAZXNAZ-UHFFFAOYSA-M,C11H18IN,291.17,31.9881856,8.636810111,no mp data,73.93681011,79,
20708,CCCCCCCCCCCCCC[N+](C)(C)C.[Cl-],TRUE,"['H315', 'H319', 'H335']",70,86,47.3,0,100,18,CEYYIKYYFSTQRU-UHFFFAOYSA-M,C17H38ClN,291.9,31.90818774,8.615210689,no mp data,73.91521069,80,
16213617,CCC[N+](CCC)(CCC)CCC.[Br-],TRUE,"['H315', 'H319', 'H335']",70,86,47.3,0,100,18,BGQMOFGZRJUORO-PJUGJBFXSA-M,C12H28BrN,294.43,31.63400469,8.541181265,no mp data,73.84118127,81,
16212273,CCCC[N+](CCCC)(CCCC)CCCC.O.[Cl-],TRUE,"['H315', 'H319', 'H335']",70,86,47.3,0,100,18,FODWRUPJCKASBN-UHFFFAOYSA-M,C16H38ClNO,295.9,31.47685029,8.498749578,no mp data,73.79874958,82,
3026738,CCCCCCC(C)[N+](C)(C)C.[I-],TRUE,"['H315', 'H319', 'H335']",70,86,47.3,0,100,18,IPCZLUGJZALBCS-UHFFFAOYSA-M,C11H26IN,299.24,31.12551798,8.403889854,no mp data,73.70388985,83,
17232,CCCC(=O)OCC[N+](C)(C)C.[I-],TRUE,"['H315', 'H319', 'H335']",70,86,47.3,0,100,18,GALNBQVDMJRFGJ-UHFFFAOYSA-M,C9H20INO2,301.17,30.92605505,8.350034864,no mp data,73.65003486,84,
13552200,CC[N+](CC)(CC)CCCBr.[Br-],TRUE,"['H315', 'H319', 'H335']",70,86,47.3,0,100,18,FNKGNRUAIHVWNL-UHFFFAOYSA-M,C9H21Br2N,303.08,30.73116009,8.297413224,no mp data,73.59741322,85,
16211205,CC[N+](CC)(CC)CC.O.[Cl-],TRUE,"['H302', 'H315', 'H319', 'H335']",120,76,41.8,0,100,18,CALLTGJPWMIDPC-UHFFFAOYSA-M,C8H22ClNO,183.72,50.69671239,13.68811234,no mp data,73.48811234,86,
12429,CCC[N+](CCC)(CCC)CCC.[I-],TRUE,"['H315', 'H319', 'H335']",70,86,47.3,0,100,18,GKXDJYKZFZVASJ-UHFFFAOYSA-M,C12H28IN,313.26,29.73249058,8.027772457,no mp data,73.32777246,87,
9880197,CCCCCCCCCCCC[N+](C)(C)CC.[Br-],TRUE,"['H315', 'H319', 'H335']",70,86,47.3,0,100,18,FFGSPQDSOUPWGY-UHFFFAOYSA-M,C16H36BrN,322.37,28.89226665,7.800911996,no mp data,73.100912,88,
76521,CCCC[N+](C)(CCCC)CCCC.[I-],TRUE,"['H315', 'H319', 'H335']",70,86,47.3,0,100,18,DXJLCRNXYNRGRA-UHFFFAOYSA-M,C13H30IN,327.29,28.4579425,7.683644474,no mp data,72.98364447,89,
6114,CC(C[N+](C)(C)C)OC(=O)C.[Cl-],TRUE,"['H302', 'H315', 'H319', 'H335']",120,76,41.8,0,100,18,JHPHVAVFUYTVCL-UHFFFAOYSA-M,C8H18ClNO2,195.69,47.59568706,12.85083551,no mp data,72.65083551,90,
10919,C[N+](C)(C)CCCCC[N+](C)(C)C.[Br-].[Br-],TRUE,"['H315', 'H319', 'H335']",70,86,47.3,0,100,18,GJVFBWCTGUSGDD-UHFFFAOYSA-L,C11H28Br2N2,348.16,26.75206801,7.223058364,no mp data,72.52305836,91,
14859573,C[N+](C)(CCO)CI.[I-],TRUE,"['H315', 'H319', 'H335']",70,86,47.3,0,100,18,QTKWCDOGFSRVGS-UHFFFAOYSA-M,C5H13I2NO,356.97,26.09182844,7.04479368,no mp data,72.34479368,92,
16217607,C[N+](C)(C)C.[Br-],TRUE,"['H301', 'H315', 'H319', 'H335']",145,71,39.05,0,100,18,DDFYFBUWEBINLX-KXWZVCIVSA-M,C4H12BrN,166.12,56.06790272,15.13833373,no mp data,72.18833373,93,
10861601,CCCCCCCCCCCC[N+](C)(C)CCCCl.[Br-],TRUE,"['H315', 'H319', 'H335']",70,86,47.3,0,100,18,FCQSEXGTTIULLO-UHFFFAOYSA-M,C17H37BrClN,370.8,25.11866235,6.782038835,no mp data,72.08203883,94,
70086,CCCCC[N+](CCCCC)(CCCCC)CCCCC.[Br-],TRUE,"['H315', 'H319', 'H335']",70,86,47.3,0,100,18,SPALIFXDWQTXKS-UHFFFAOYSA-M,C20H44BrN,378.5,24.60766182,6.644068692,no mp data,71.94406869,95,
31280,CCCCCCCCCCCCCCCC[N+](C)(C)CC.[Br-],TRUE,"['H302', 'H315', 'H319']",70,86,47.3,0,100,18,VUFOSBDICLTFMS-UHFFFAOYSA-M,C20H44BrN,378.5,24.60766182,6.644068692,182,71.94406869,95,
6285,CC[N+](CC)(CC)CC.[Br-],TRUE,"['H302', 'H315', 'H319', 'H335']",120,76,41.8,0,100,18,HWCKGOZZJDHMNC-UHFFFAOYSA-M,C8H20BrN,210.16,44.31861439,11.96602589,no mp data,71.76602589,97,
10992774,C[N+](C)(C)CC1=CC=CC=C1.[Br-].BrBr,TRUE,"['H315', 'H319', 'H335']",70,86,47.3,0,100,18,GSDDWZVWOXMLJZ-UHFFFAOYSA-M,C10H16Br3N,389.95,23.88511348,6.448980639,no mp data,71.74898064,98,
13813470,C[N+](C)(C)CC1=CC=CC=C1.[Br-].[Br-].[Br-],TRUE,"['H315', 'H319', 'H335']",70,86,47.3,0,100,18,UZUKVMLVILGNPX-UHFFFAOYSA-K,C10H16Br3N-2,389.95,23.88511348,6.448980639,no mp data,71.74898064,98,
80021,CCCCCC[N+](CCCCCC)(CCCCCC)CCCCCC.[Cl-],TRUE,"['H315', 'H319', 'H335']",70,86,47.3,0,100,18,ODTSDWCGLRVBHJ-UHFFFAOYSA-M,C24H52ClN,390.1,23.87592925,6.446500897,no mp data,71.7465009,100,
70708,CCCCCCCCCCCCCCCCCC[N+](C)(C)C.[Br-],TRUE,"['H315', 'H319', 'H335']",70,86,47.3,0,100,18,SZEMGTQCPRNXEG-UHFFFAOYSA-M,C21H46BrN,392.5,23.72993631,6.407082803,no mp data,71.7070828,101,
2724141,CCCC[N+](CCCC)(CCCC)CCCC.[F-],TRUE,"['H314', 'H318', 'H335']",100,80,44,0,100,18,FPGGTKZVZWFYPV-UHFFFAOYSA-M,C16H36FN,261.46,35.62303985,9.61822076,no mp data,71.61822076,102,
16211866,CCCC[N+](CCCC)(CCCC)CC1=CC=CC=C1.[I-],TRUE,"['H315', 'H319', 'H335']",70,86,47.3,0,100,18,QVGHRPSUYBFXLH-UHFFFAOYSA-M,C19H34IN,403.4,23.08874566,6.233961329,no mp data,71.53396133,103,
16957,CCCCCCCCCC[N+](C)(C)CCCCCCCCCC.[Br-],TRUE,"['H315', 'H319', 'H335']",70,86,47.3,0,100,18,UMGXUWVIJIQANV-UHFFFAOYSA-M,C22H48BrN,406.5,22.91266913,6.186420664,no mp data,71.48642066,104,
18843,CCCCCCCCCCCC[N+](C)(C)CCCCCCCCCCCC.[Cl-],TRUE,"['H302', 'H315', 'H319']",70,86,47.3,0,100,18,WLCFKPHMRNPAFZ-UHFFFAOYSA-M,C26H56ClN,418.2,22.27164036,6.013342898,no mp data,71.3133429,105,
103099,CCCCCCCCCCCC[N+](CC1=CC=CC=C1)(CC(C)O)CC(C)O.[Cl-],TRUE,"['H314', 'H411']",25,95,52.25,75,72.72727273,13.09090909,DMKGBWJRTCHMCP-UHFFFAOYSA-M,C25H46ClNO2,428.1,21.75659893,5.87428171,no mp data,71.2151908,106,
17248,CCCCC[N+](CCCCC)(CCCCC)CCCCC.[I-],TRUE,"['H315', 'H319', 'H335']",70,86,47.3,0,100,18,FBLZDUAOBOMSNZ-UHFFFAOYSA-M,C20H44IN,425.5,21.88954172,5.910176263,no mp data,71.21017626,107,
78026,CCCCCC[N+](CCCCCC)(CCCCCC)CCCCCC.[Br-],TRUE,"['H315', 'H319', 'H335']",70,86,47.3,0,100,18,SYZCZDCAEVUSPM-UHFFFAOYSA-M,C24H52BrN,434.6,21.4312011,5.786424298,no mp data,71.0864243,108,
82489,CCCCCCC[N+](CCCCCCC)(CCCCCCC)CCCCCCC.[Cl-],TRUE,"['H315', 'H319', 'H335']",70,86,47.3,0,100,18,VMJQVRWCDVLJSI-UHFFFAOYSA-M,C28H60ClN,446.2,20.87404751,5.635992828,no mp data,70.93599283,109,
11503288,CCCCCCCC[N+](C)(CCCCCCCC)CCCCCCCC.[Br-],TRUE,"['H315', 'H319', 'H335']",70,86,47.3,0,100,18,QLPMKRZYJPNIRP-UHFFFAOYSA-M,C25H54BrN,448.6,20.76237182,5.605840392,no mp data,70.90584039,110,
18669,CCCCCCCCCCCC[N+](C)(C)CCCCCCCCCCCC.[Br-],TRUE,"['H315', 'H319', 'H335']",70,86,47.3,0,100,18,XRWMGCFJVKDVMD-UHFFFAOYSA-M,C26H56BrN,462.6,20.13402508,5.43618677,no mp data,70.73618677,111,
21449,C[N+](C)(C)CC1=CC=CC=C1.[Br-],TRUE,"['H302', 'H315', 'H319', 'H335']",120,76,41.8,0,100,18,UUZYBYIOAZTMGC-UHFFFAOYSA-M,C10H16BrN,230.14,40.47101764,10.92717476,no mp data,70.72717476,112,
66137,C[N+](C)(C)C.[Br-],TRUE,"['H300', 'H315', 'H319', 'H335']",170,66,36.3,0,100,18,DDFYFBUWEBINLX-UHFFFAOYSA-M,C4H12BrN,154.05,60.46088932,16.32444012,no mp data,70.62444012,113,
159952,CCCC[N+](CCCC)(CCCC)CC1=CC=CC=C1.[Cl-],TRUE,"['H302', 'H314', 'H315', 'H319']",95,81,44.55,0,100,18,VJGNLOIQCWLBJR-UHFFFAOYSA-M,C19H34ClN,311.9,29.8621353,8.062776531,no mp data,70.61277653,114,
103275,CCCCCCCCCCCCCCCC[N+](CC1=CC=CC=C1)(CC(C)O)CC(C)O.[Cl-],TRUE,"['H314', 'H411']",25,95,52.25,75,72.72727273,13.09090909,XURDIXCMWFXRBV-UHFFFAOYSA-M,C29H54ClNO2,484.2,19.23585295,5.193680297,no mp data,70.53458939,115,
75056,CCCCCC[N+](CCCCCC)(CCCCCC)CCCCCC.[I-],TRUE,"['H315', 'H319', 'H335']",70,86,47.3,0,100,18,VRKHAMWCGMJAMI-UHFFFAOYSA-M,C24H52IN,481.6,19.339701,5.221719269,no mp data,70.52171927,116,
78073,CCCCCCC[N+](CCCCCCC)(CCCCCCC)CCCCCCC.[Br-],TRUE,"['H315', 'H319', 'H335']",70,86,47.3,0,100,18,YQIVQBMEBZGFBY-UHFFFAOYSA-M,C28H60BrN,490.7,18.98104748,5.12488282,no mp data,70.42488282,117,
11996614,CCCCCCCC[N+](CCCCCCCC)(CCCCCCCC)CCCCCCCC.[Cl-],TRUE,"['H315', 'H319', 'H335']",70,86,47.3,0,100,18,SNNIPOQLGBPXPS-UHFFFAOYSA-M,C32H68ClN,502.3,18.54270356,5.006529962,no mp data,70.30652996,118,
92754,CC(C[N+](C)(C)C)OC(=O)C.[Br-],TRUE,"['H302', 'H315', 'H319', 'H335']",120,76,41.8,0,100,18,MMVPLEUBMWUYIB-UHFFFAOYSA-M,C8H18BrNO2,240.14,38.78570834,10.47214125,no mp data,70.27214125,119,
103101,CCCCCCCCCCCCCCCCCC[N+](CC1=CC=CC=C1)(CC(C)O)CC(C)O.[Cl-],TRUE,"['H314', 'H411']",25,95,52.25,75,72.72727273,13.09090909,WZQBRQMVLLLQII-UHFFFAOYSA-M,C31H58ClNO2,512.2,18.18430301,4.909761812,no mp data,70.2506709,120,
3017829,CCCCCCCCCCCCCC[N+](C)(C)CCCCCCCCCCCCCC.[Br-],TRUE,"['H315', 'H319', 'H335']",70,86,47.3,0,100,18,IRMGVPILCPGYNQ-UHFFFAOYSA-M,C30H64BrN,518.7,17.95642954,4.848235975,no mp data,70.14823597,121,
77071,CCCCCCC[N+](CCCCCCC)(CCCCCCC)CCCCCCC.[I-],TRUE,"['H315', 'H319', 'H335']",70,86,47.3,0,100,18,KCSOHLKZTZMKQA-UHFFFAOYSA-M,C28H60IN,537.7,17.32192672,4.676920216,no mp data,69.97692022,122,
10174260,CCCCCCCC[N+](CCCCCCCC)(CCCCCCCC)CCCCCCCC.[F-],TRUE,['H301'],75,85,46.75,0,100,18,QGAKFUJUPKPDCN-UHFFFAOYSA-M,C32H68FN,485.9,19.1685532,5.175509364,no mp data,69.92550936,123,
2734117,CCCCCCCC[N+](CCCCCCCC)(CCCCCCCC)CCCCCCCC.[Br-],TRUE,"['H315', 'H319', 'H335']",70,86,47.3,0,100,18,QBVXKDJEZKEASM-UHFFFAOYSA-M,C32H68BrN,546.8,17.03365033,4.599085589,no mp data,69.89908559,124,
9808235,CCCCCCCCCCCCCCCC[N+](C)(C)CCCCCCCCCCCCCCCC.[Br-],TRUE,"['H315', 'H319', 'H335']",70,86,47.3,0,100,18,VIXPKJNAOIWFMW-UHFFFAOYSA-M,C34H72BrN,574.8,16.20389701,4.375052192,no mp data,69.67505219,125,
15859728,CCCC[N+](CCCC)(CCCC)CCCC.[Br-](I)I,TRUE,"['H315', 'H319', 'H335']",70,86,47.3,0,100,18,HQEJIUVMVREIFY-UHFFFAOYSA-N,C16H36BrI2N,576.18,16.1650873,4.364573571,no mp data,69.66457357,126,
74014,C[N+](C)(C)CCCCCCCCCC[N+](C)(C)C.[I-].[I-],TRUE,['H301'],75,85,46.75,0,100,18,ARMLJSXXXFXSLQ-UHFFFAOYSA-L,C16H38I2N2,512.3,18.18075346,4.908803435,no mp data,69.65880344,127,
13743279,CCCCCCCCCCCC[N+](CCCCCCC)(CCCCCCC)CCCCCCC.[I-],TRUE,"['H315', 'H319', 'H335']",70,86,47.3,0,100,18,NRZQLNALJZURRV-UHFFFAOYSA-M,C33H70IN,607.8,15.32411978,4.13751234,no mp data,69.43751234,128,
77293,CCCCCCCCCCCCCCCCCC[N+](C)(C)CCCCCCCCCCCCCCCCCC.[Br-],TRUE,"['H315', 'H319', 'H335']",70,86,47.3,0,100,18,PSLWZOIUBRXAQW-UHFFFAOYSA-M,C38H80BrN,631,14.76069731,3.985388273,no mp data,69.28538827,129,
75271,CC(=O)OCC[N+](C)(C)C.[I-],TRUE,"['H302', 'H315', 'H319', 'H335']",120,76,41.8,0,100,18,SMBBQHHYSLHDHF-UHFFFAOYSA-M,C7H16INO2,273.11,34.10347479,9.207938193,no mp data,69.00793819,130,
53442637,C[N+](C)(C)CC1=CC=CC=C1.C[N+](C)(C)CC1=CC=CC=C1.C[N+](C)(C)CC1=CC=CC=C1.[Br-].[Br-].[Br-],TRUE,"['H315', 'H319', 'H335']",70,86,47.3,0,100,18,KTLFENNEPHBKJD-UHFFFAOYSA-K,C30H48Br3N3,690.4,13.49073001,3.642497103,no mp data,68.9424971,131,
20619,C[N+](C)(C)CC1=CC=CC=C1.[I-],TRUE,"['H302', 'H315', 'H319', 'H335']",120,76,41.8,0,100,18,LRRJQNMXIDXNIM-UHFFFAOYSA-M,C10H16IN,277.14,33.60756296,9.074042,no mp data,68.874042,132,
14029864,CCCCCCCCCCCC[N+](CCCCCCCCCCCC)(CCCCCCCCCCCC)CCCCCCCCCCCC.[Cl-],TRUE,"['H315', 'H319', 'H335']",70,86,47.3,0,100,18,KEVJUENWYCMNET-UHFFFAOYSA-M,C48H100ClN,726.8,12.8150798,3.460071547,no mp data,68.76007155,133,
34061,CCCCCCCCCCCC[N+](C)(C)CCCCCC[N+](C)(C)CCCCCCCCCCCC.[I-].[I-],TRUE,"['H315', 'H319', 'H335']",70,86,47.3,0,100,18,UEXRNIUHKWUZFJ-UHFFFAOYSA-L,C34H74I2N2,764.8,12.17834728,3.288153766,no mp data,68.58815377,134,
3014871,CCCCCCCCCCCC[N+](CCCCCCCCCCCC)(CCCCCCCCCCCC)CCCCCCCCCCCC.[Br-],TRUE,"['H315', 'H319', 'H335']",70,86,47.3,0,100,18,SMEFTBPJZGVAPK-UHFFFAOYSA-M,C48H100BrN,771.2,12.07728216,3.260866183,no mp data,68.56086618,135,
76668,C[N+](C)(CC1=CC=CC=C1)C2=CC=CC=C2.[Cl-],TRUE,"['H302', 'H314', 'H400']",75,85,46.75,100,63.63636364,11.45454545,QLRKASHXFNIPLZ-UHFFFAOYSA-M,C15H18ClN,247.76,37.59283177,10.15006458,no mp data,68.35461003,136,
12073128,CCCCCCCCCCCCCCCC[N+](CCCCCCCCCCCCCCCC)(CCCCCCCCCCCCCCCC)CCCCCCCCCCCCCCCC.[Br-],TRUE,"['H315', 'H319', 'H335']",70,86,47.3,0,100,18,RBIRNUUGKIFHKK-UHFFFAOYSA-M,C64H132BrN,995.6,9.355162716,2.525893933,no mp data,67.82589393,137,
3017419,CCCCCCCCCCCCCCCCCC[N+](CCCCCCCCCCCCCCCCCC)(CCCCCCCCCCCCCCCCCC)CCCCCCCCCCCCCCCCCC.[Br-],TRUE,"['H315', 'H319', 'H335']",70,86,47.3,0,100,18,BUXYZRAZWWVKDS-UHFFFAOYSA-M,C72H148BrN,1107.9,8.406895929,2.269861901,no mp data,67.5698619,138,
22833367,C[N+]1(CC=CC=C1)CC2=CC=CC=C2.[Cl-],TRUE,"['H226', 'H314', 'H318', 'H335', 'H400']",100,80,44,100,63.63636364,11.45454545,NBNVYJFZJWMHPR-UHFFFAOYSA-M,C13H16ClN,221.72,42.00793794,11.34214324,no mp data,66.7966887,139,
16218603,CCCCCCCCCC[N+](C)(CCCCCCCCCC)CCCCCCCCCC.CCCCCCCCC[N+](C)(CCCCCCCCC)CCCCCCCCC.CCCCCCCC[N+](C)(CCCCCCCC)CCCCCCCC.[Cl-].[Cl-].[Cl-],TRUE,"['H302', 'H314']",75,85,46.75,0,100,18,RMQKQYWUFZNCMA-UHFFFAOYSA-K,C84H180Cl3N3,1338.7,6.957496078,1.878523941,no mp data,66.62852394,140,
61906,CCCCCCCCCC[N+](C)(C)CCCCCCCC.[Cl-],TRUE,"['H302', 'H314', 'H400']",75,85,46.75,100,63.63636364,11.45454545,SCXCDVTWABNWLW-UHFFFAOYSA-M,C20H44ClN,334,27.88622754,7.529281437,no mp data,65.73382689,141,
69582,CC[N+](CC)(CC)CC.[F-],TRUE,"['H302', 'H312', 'H315', 'H319', 'H332', 'H335']",220,56,30.8,0,100,18,QSUJAUYJBJRLKV-UHFFFAOYSA-M,C8H20FN,149.25,62.40536013,16.84944724,no mp data,65.64944724,142,
2735155,CCCCCCCC[N+](CCC)(CCCCCCCC)CCCCCCCC.[Cl-],TRUE,"['H302', 'H315', 'H319', 'H335']",120,76,41.8,0,100,18,WFEXFNMTEBFLMM-UHFFFAOYSA-M,C27H58ClN,432.2,21.55020824,5.818556224,no mp data,65.61855622,143,
23500184,CCCC[N+](CCCC)(CCCC)CCCC.CCCC[N+](CCCC)(CCCC)CCCC.CCCC[N+](CCCC)(CCCC)CCCC.[Br-].[Br-].[Br-],TRUE,"['H314', 'H315', 'H319', 'H335']",95,81,44.55,0,100,18,SFLXUZPXEWWQNH-UHFFFAOYSA-K,C48H108Br3N3,967.1,9.630855134,2.600330886,no mp data,65.15033089,144,
3015796,CCCCCCCC[N+](C)(CCCCCCCC)CCCCCCCC.[I-],TRUE,"['H315', 'H319', 'H335', 'H360']",120,76,41.8,0,100,18,AMUCTDNDAXEAOW-UHFFFAOYSA-M,C25H54IN,495.6,18.79338176,5.074213075,no mp data,64.87421308,145,
66133,CC[N+](CC)(CC)CC1=CC=CC=C1.[Cl-],TRUE,"['H302', 'H315', 'H317', 'H319', 'H335', 'H412']",145,71,39.05,50,81.81818182,14.72727273,HTZCNXWZYVXIMZ-UHFFFAOYSA-M,C13H22ClN,227.77,40.89212802,11.04087457,no mp data,64.81814729,146,
177843,CCCCCCCCCCCCCC[N+](C)(C)CC1=CC=CC=C1.O.O.[Cl-],TRUE,"['H302', 'H314', 'H400']",75,85,46.75,100,63.63636364,11.45454545,YLPZVNXGKBIJBW-UHFFFAOYSA-M,C23H46ClNO2,404.1,23.04875031,6.223162584,no mp data,64.42770804,147,
67553,CCCC[N+](CCCC)(CCCC)CCCC.[I-],TRUE,"['H302', 'H315', 'H318', 'H319', 'H335']",145,71,39.05,0,100,18,DPKBAXPHAYBPRL-UHFFFAOYSA-M,C16H36IN,369.37,25.21590817,6.808295205,no mp data,63.85829521,148,
16211652,CC[N+](CC)(CC)CC.O.[F-],TRUE,"['H302', 'H312', 'H315', 'H319', 'H332', 'H335']",220,56,30.8,0,100,18,YEKUWOWHPVKTCQ-UHFFFAOYSA-M,C8H22FNO,167.26,55.6857587,15.03515485,no mp data,63.83515485,149,
13836,C[N+](C)(C)CCCl.[Cl-],TRUE,"['H302', 'H312', 'H332', 'H316', 'H320', 'H333', 'H371']",230,54,29.7,0,100,18,UHZZMRAGKVHANO-UHFFFAOYSA-M,C5H13Cl2N,158.07,58.92326185,15.9092807,239,63.6092807,150,
10921,C[N+](C)(C)CCCCCCCCCC[N+](C)(C)C.[Br-].[Br-],TRUE,"['H301', 'H315', 'H319', 'H335']",145,71,39.05,0,100,18,HLXQFVXURMXRPU-UHFFFAOYSA-L,C16H38Br2N2,418.3,22.26631604,6.011905331,267.7777778,63.06190533,151,
23274630,CCCCCC[N+](C)(C)CC1=CC=CC=C1.[Cl-],TRUE,"['H302', 'H312', 'H314', 'H400']",125,75,41.25,100,63.63636364,11.45454545,BNDXNEVHWSOJGV-UHFFFAOYSA-M,C15H26ClN,255.82,36.40841216,9.830271284,no mp data,62.53481674,152,
13740,CCCCCCCC[N+](C)(C)CC1=CC=CC=C1.[Cl-],TRUE,"['H302', 'H312', 'H314', 'H400']",125,75,41.25,100,63.63636364,11.45454545,PXFDQFDPXWHEEP-UHFFFAOYSA-M,C17H30ClN,283.9,32.80732652,8.857978161,no mp data,61.56252362,153,
7879,CCCCCCCCCCCCCCCCCC[N+](C)(C)CCCCCCCCCCCCCCCCCC.[Cl-],TRUE,"['H318', 'H400', 'H410']",25,95,52.25,200,27.27272727,4.909090909,REZZEXDLIUJMMS-UHFFFAOYSA-M,C38H80ClN,586.5,15.88064791,4.287774936,no mp data,61.44686585,154,
10157558,CCCCCCCCCCCCCC[N+](C)(C)CC1=CC=C(C=C1)CC.[Cl-],TRUE,"['H226', 'H302', 'H312', 'H314', 'H400']",125,75,41.25,100,63.63636364,11.45454545,QPDOMSFIXQWROY-UHFFFAOYSA-M,C25H46ClN,396.1,23.51426407,6.3488513,no mp data,59.05339675,155,
15636465,CCCCCCCC[N+](C)(C)CC1=CC=CC=C1.[Br-],TRUE,"['H301', 'H312', 'H314', 'H400']",150,70,38.5,100,63.63636364,11.45454545,JBJPHJWPSMUIJR-UHFFFAOYSA-M,C17H30BrN,328.3,28.37039293,7.660006092,no mp data,57.61455155,156,
74236,CCCC[N+](CCCC)(CCCC)CCCC.[Br-],TRUE,"['H302', 'H315', 'H319', 'H335', 'H411', 'H412', 'H260', 'H314']",145,71,39.05,125,54.54545455,9.818181818,JRMUNVKIHCOMHV-UHFFFAOYSA-M,C16H36BrN,322.37,28.89226665,7.800911996,no mp data,56.66909381,157,
134813759,CCCCCCCCCCCCCCCCCCCCCC[N+](C)(C)CCCCCCCCCCCCCCCCCCC.[Cl-],TRUE,"['H315', 'H318', 'H373', 'H400', 'H411']",85,83,45.65,175,36.36363636,6.545454545,SCKGZBOXILYGNB-UHFFFAOYSA-M,C43H90ClN,656.6,14.18519647,3.830003046,no mp data,56.02545759,158,
2724282,CCCC[N+](CCCC)(CCCC)CC1=CC=CC=C1.[Br-],TRUE,"['H302', 'H312', 'H315', 'H319', 'H332', 'H335']",220,56,30.8,0,100,18,UDYGXWPMSJPFDG-UHFFFAOYSA-M,C19H34BrN,356.4,26.1335578,7.056060606,no mp data,55.85606061,159,
31204,CCCCCCCCCCCCCCCCCC[N+](C)(C)CC1=CC=CC=C1.[Cl-],TRUE,"['H302', 'H314', 'H315', 'H318', 'H400', 'H410']",110,78,42.9,200,27.27272727,4.909090909,SFVFIFLLYFPGHH-UHFFFAOYSA-M,C27H50ClN,424.1,21.96180146,5.929686395,no mp data,53.7387773,160,
91822,CCCC[N+](C)(CCCC)CCCC.[Cl-],TRUE,"['H302', 'H312', 'H315', 'H319', 'H335', 'H400', 'H410', 'H413']",170,66,36.3,225,18.18181818,3.272727273,IPILPUZVTYHGIL-UHFFFAOYSA-M,C13H30ClN,235.84,39.49287653,10.66307666,no mp data,50.23580393,161,
3014969,CCCCCCCCCCCCCCCCCCCCCC[N+](C)(C)C.[Cl-],TRUE,"['H315', 'H319', 'H400', 'H410', 'H302', 'H312', 'H314']",145,71,39.05,200,27.27272727,4.909090909,YSJGOMATDFSEED-UHFFFAOYSA-M,C25H54ClN,404.2,23.043048,6.221622959,no mp data,50.18071387,162,
23705,CCCCCCCCCCCC[N+](C)(C)CC1=CC=CC=C1.[Br-],TRUE,"['H301', 'H302', 'H314', 'H315', 'H319', 'H335', 'H400']",220,56,30.8,100,63.63636364,11.45454545,KHSLHYAUZSPBIU-UHFFFAOYSA-M,C21H38BrN,384.4,24.22996878,6.542091571,no mp data,48.79663703,163,
24952,CCCCCCCCCCCCCC[N+](C)(C)CCCCCCCCCCCCCC.[Cl-],TRUE,"['H302', 'H314', 'H315', 'H318', 'H400', 'H410', 'H411']",110,78,42.9,275,0,0,RSHHCURRBLAGFA-UHFFFAOYSA-M,C30H64ClN,474.3,19.63736032,5.302087287,no mp data,48.20208729,164,
15743,CCCCCCCCCCCCCCCC[N+](C)(C)CCCCCCCCCCCCCCCC.[Cl-],TRUE,"['H314', 'H302', 'H315', 'H318', 'H335', 'H400', 'H410']",160,68,37.4,200,27.27272727,4.909090909,ZCPCLAPUXMZUCD-UHFFFAOYSA-M,C34H72ClN,530.4,17.56033183,4.741289593,no mp data,47.0503805,165,
11085061,CC[N+](CC)(CC)CC.F.F.F.[F-],TRUE,"['H290', 'H300', 'H310', 'H314', 'H318', 'H330']",350,30,16.5,0,100,18,HVDAPPODKZABKP-UHFFFAOYSA-M,C8H23F4N,209.27,44.5070961,12.01691595,no mp data,46.51691595,166,
11790998,CC[N+](CC)(CC)CC.F.F.F.F.[F-],TRUE,"['H290', 'H300', 'H310', 'H314', 'H318', 'H330']",350,30,16.5,0,100,18,ANODKKTYHRYRDA-UHFFFAOYSA-M,C8H24F5N,229.28,40.62281926,10.9681612,no mp data,45.4681612,167,
21218,CCCCCCCC[N+](C)(CCCCCCCC)CCCCCCCC.[Cl-],TRUE,"['H301', 'H315', 'H318', 'H319', 'H400', 'H410', 'H302', 'H314']",195,61,33.55,200,27.27272727,4.909090909,XKBGEWXEAPTVCK-UHFFFAOYSA-M,C25H54ClN,404.2,23.043048,6.221622959,no mp data,44.68071387,168,
62581,CCCCCCCC[N+](C)(C)CCCCCCCC.[Cl-],TRUE,"['H226', 'H301', 'H302', 'H310', 'H314', 'H318', 'H400']",275,45,24.75,100,63.63636364,11.45454545,FARBQUXLIQOIDY-UHFFFAOYSA-M,C18H40ClN,306,30.4379085,8.218235294,no mp data,44.42278075,169,
6379,C[N+](C)(C)C.[Cl-],TRUE,"['H300', 'H301', 'H311', 'H315', 'H319', 'H335', 'H370', 'H410', 'H411']",370,26,14.3,175,36.36363636,6.545454545,OKIZCWYLBDKLSU-UHFFFAOYSA-M,C4H12ClN,109.6,84.98175182,22.94507299,420,43.79052754,170,
8155,CCCCCCCCCCCCCCCCCC[N+](C)(C)C.[Cl-],TRUE,"['H302', 'H311', 'H312', 'H314', 'H318', 'H400', 'H410']",225,55,30.25,200,27.27272727,4.909090909,VBIIFPGSPJYLRR-UHFFFAOYSA-M,C21H46ClN,348,26.76436782,7.22637931,no mp data,42.38547022,171,
29563,CCCCCCCCCCCC[N+](CCO)(CCO)CC1=CC=CC=C1.[Cl-],TRUE,"['H302', 'H315', 'H318', 'H319', 'H331', 'H335', 'H400', 'H410']",220,56,30.8,200,27.27272727,4.909090909,UUSQFLGKGQEVCM-UHFFFAOYSA-M,C23H42ClNO2,400,23.285,6.28695,108,41.99604091,172,
8152,CCCCCCCCCCCC[N+](C)(C)C.[Cl-],TRUE,"['H302', 'H314', 'H315', 'H318', 'H319', 'H335', 'H400', 'H410', 'H411', 'H312']",220,56,30.8,275,0,0,DDXLVDQZPFLQMZ-UHFFFAOYSA-M,C15H34ClN,263.89,35.29500928,9.529652507,no mp data,40.32965251,173,
14250,CCCCCCCCCCCCCC[N+](C)(C)C.[Br-],TRUE,"['H302', 'H314', 'H315', 'H318', 'H335', 'H373', 'H400', 'H312', 'H332']",310,38,20.9,100,63.63636364,11.45454545,CXRFDZFCGOPDTD-UHFFFAOYSA-M,C17H38BrN,336.4,27.68727705,7.475564804,247.5,39.83011026,174,
13762,CCCCCCCCCC[N+](C)(C)CC1=CC=CC=C1.[Cl-],TRUE,"['H302', 'H312', 'H314', 'H400', 'H302+H312', 'H318', 'H315', 'H319', 'H335']",320,36,19.8,100,63.63636364,11.45454545,TTZLKXKJIMOHHG-UHFFFAOYSA-M,C19H34ClN,311.9,29.8621353,8.062776531,29-34 ,39.31732199,175,
33917,CCCCCCCCCCCC[N+](C)(C)CC1=CC=C(C=C1)CC.[Cl-],TRUE,"['H302+H312', 'H302', 'H312', 'H314', 'H318', 'H400', 'H410']",250,50,27.5,200,27.27272727,4.909090909,IHDIFQKZWSOIBB-UHFFFAOYSA-M,C23H42ClN,368,25.30978261,6.833641304,no mp data,39.24273221,176,
14249,CCCCCCCCCCCC[N+](C)(C)C.[Br-],TRUE,"['H301', 'H302', 'H315', 'H317', 'H319', 'H335', 'H400', 'H410', 'H312', 'H314']",295,41,22.55,200,27.27272727,4.909090909,XJWSAJYUBXQQDR-UHFFFAOYSA-M,C15H34BrN,308.34,30.20691445,8.1558669,no mp data,35.61495781,177,
8154,CCCCCCCCCCCCCCCC[N+](C)(C)C.[Cl-],TRUE,"['H302', 'H314', 'H400', 'H311', 'H315', 'H318', 'H335', 'H410', 'H312', 'H319']",295,41,22.55,200,27.27272727,4.909090909,WOWHHFRSBJGXCM-UHFFFAOYSA-M,C19H42ClN,320,29.10625,7.8586875,no mp data,35.31777841,178,
5963,C[N+](C)(C)CC1=CC=CC=C1.[Cl-],TRUE,"['H301', 'H302', 'H311', 'H315', 'H319', 'H332', 'H341', 'H412', 'H370', 'H373', 'H371']",470,6,3.3,50,81.81818182,14.72727273,KXHPPCXNWTUNSB-UHFFFAOYSA-M,C10H16ClN,185.69,50.15886693,13.54289407,243,31.5701668,179,
5974,CCCCCCCCCCCCCCCC[N+](C)(C)C.[Br-],TRUE,"['H302', 'H315', 'H318', 'H335', 'H373', 'H400', 'H312', 'H314', 'H319', 'H341', 'H361', 'H370']",420,16,8.8,100,63.63636364,11.45454545,LZZYPRNAOMGNLH-UHFFFAOYSA-M,C19H42BrN,364.4,25.55982437,6.90115258,240,27.15569803,180,
11748636,CCCC[N+](CCCC)(CCCC)CCCC.F.F.[F-],TRUE,"['H302', 'H310', 'H312', 'H314', 'H318', 'H330', 'H332', 'H350']",500,0,0,0,100,18,MRXQMNWIADOAJY-UHFFFAOYSA-M,C16H38F3N,301.47,30.8952798,8.341725545,no mp data,26.34172554,181,
8753,CCCCCCCCCCCC[N+](C)(C)CC1=CC=CC=C1.[Cl-],TRUE,"['H302', 'H311', 'H312', 'H314', 'H318', 'H330', 'H400', 'H410', 'H332']",375,25,13.75,200,27.27272727,4.909090909,JBIROUFYLSSYDX-UHFFFAOYSA-M,C21H38ClN,340,27.39411765,7.396411765,29-34 ,26.05550267,182,
31202,CCCCCCCCCCCCCCCC[N+](C)(C)CC1=CC=CC=C1.[Cl-],TRUE,"['H302', 'H311', 'H312', 'H314', 'H317', 'H318', 'H330', 'H335', 'H400', 'H410']",400,20,11,200,27.27272727,4.909090909,SXPWTBGAZSPLHA-UHFFFAOYSA-M,C25H46ClN,396.1,23.51426407,6.3488513,no mp data,22.25794221,183,
8755,CCCCCCCCCCCCCC[N+](C)(C)CC1=CC=CC=C1.[Cl-],TRUE,"['H302', 'H312', 'H314', 'H318', 'H400', 'H410', 'H301+H331', 'H301', 'H311']",450,10,5.5,200,27.27272727,4.909090909,OCBHHZMJRVXXQK-UHFFFAOYSA-M,C23H42ClN,368,25.30978261,6.833641304,60-61 ,17.24273221,184,
23558,CCCCCCCCCC[N+](C)(C)CCCCCCCCCC.[Cl-],TRUE,"['H302', 'H314', 'H301', 'H318', 'H400', 'H410', 'H411', 'H312', 'H317', 'H370', 'H330', 'H371', 'H373']",500,0,0,275,0,0,RUPBZQFQVRMKDG-UHFFFAOYSA-M,C22H48ClN,362.1,25.72217619,6.944987572,94-100 ,6.944987572,185,93.14
